Country,Year,Threatened Species: Invertebrates (number),Threatened Species: Plants (number),Threatened Species: Total (number),Threatened Species: Vertebrates (number)
Afghanistan,2004,1.0,1.0,33.0,31.0
Afghanistan,2010,1.0,2.0,34.0,31.0
Afghanistan,2016,2.0,5.0,42.0,35.0
Afghanistan,2017,2.0,5.0,42.0,35.0
Afghanistan,2018,2.0,5.0,41.0,34.0
Afghanistan,2019,2.0,5.0,40.0,33.0
Afghanistan,2020,2.0,5.0,40.0,33.0
Albania,2004,4.0,0.0,37.0,33.0
Albania,2010,47.0,0.0,100.0,53.0
Albania,2016,62.0,0.0,125.0,63.0
Albania,2017,68.0,0.0,130.0,62.0
Albania,2018,71.0,4.0,137.0,62.0
Albania,2019,71.0,5.0,137.0,61.0
Albania,2020,73.0,5.0,142.0,64.0
Algeria,2004,12.0,2.0,50.0,36.0
Algeria,2010,21.0,15.0,105.0,69.0
Algeria,2016,29.0,18.0,125.0,78.0
Algeria,2017,38.0,18.0,135.0,79.0
Algeria,2018,40.0,23.0,143.0,80.0
Algeria,2019,40.0,24.0,145.0,81.0
Algeria,2020,42.0,28.0,155.0,85.0
American Samoa,2004,5.0,1.0,24.0,18.0
American Samoa,2010,57.0,1.0,79.0,21.0
American Samoa,2016,64.0,1.0,92.0,27.0
American Samoa,2017,64.0,1.0,92.0,27.0
American Samoa,2018,64.0,1.0,92.0,27.0
American Samoa,2019,65.0,1.0,95.0,29.0
American Samoa,2020,65.0,2.0,99.0,32.0
Andorra,2004,4.0,0.0,5.0,1.0
Andorra,2010,4.0,0.0,8.0,4.0
Andorra,2016,7.0,0.0,12.0,5.0
Andorra,2017,8.0,0.0,13.0,5.0
Andorra,2018,8.0,0.0,14.0,6.0
Andorra,2019,8.0,1.0,15.0,6.0
Andorra,2020,8.0,1.0,15.0,6.0
Angola,2004,6.0,26.0,76.0,44.0
Angola,2010,7.0,33.0,117.0,77.0
Angola,2016,9.0,34.0,142.0,99.0
Angola,2017,9.0,34.0,146.0,103.0
Angola,2018,11.0,35.0,154.0,108.0
Angola,2019,11.0,36.0,158.0,111.0
Angola,2020,11.0,43.0,171.0,117.0
Anguilla,2004,0.0,3.0,18.0,15.0
Anguilla,2010,10.0,3.0,33.0,20.0
Anguilla,2016,10.0,4.0,52.0,38.0
Anguilla,2017,10.0,4.0,52.0,38.0
Anguilla,2018,10.0,4.0,54.0,40.0
Anguilla,2019,10.0,4.0,57.0,43.0
Anguilla,2020,10.0,3.0,60.0,47.0
Antarctica,2004,0.0,0.0,8.0,8.0
Antarctica,2010,0.0,0.0,6.0,6.0
Antarctica,2016,0.0,0.0,6.0,6.0
Antarctica,2017,0.0,0.0,6.0,6.0
Antarctica,2018,0.0,0.0,6.0,6.0
Antarctica,2019,0.0,0.0,6.0,6.0
Antarctica,2020,0.0,0.0,6.0,6.0
Antigua and Barbuda,2004,0.0,4.0,22.0,18.0
Antigua and Barbuda,2010,11.0,4.0,38.0,23.0
Antigua and Barbuda,2016,11.0,4.0,53.0,38.0
Antigua and Barbuda,2017,11.0,4.0,55.0,40.0
Antigua and Barbuda,2018,11.0,4.0,56.0,41.0
Antigua and Barbuda,2019,11.0,4.0,59.0,44.0
Antigua and Barbuda,2020,11.0,3.0,61.0,47.0
Areas n.e.s,2004,0.0,0.0,1.0,1.0
Areas n.e.s,2010,0.0,0.0,1.0,1.0
Areas n.e.s,2016,1.0,0.0,4.0,3.0
Areas n.e.s,2017,1.0,0.0,4.0,3.0
Areas n.e.s,2018,1.0,0.0,6.0,5.0
Areas n.e.s,2019,1.0,,8.0,7.0
Argentina,2004,10.0,42.0,186.0,134.0
Argentina,2010,12.0,44.0,213.0,157.0
Argentina,2016,14.0,70.0,256.0,172.0
Argentina,2017,14.0,70.0,256.0,172.0
Argentina,2018,14.0,70.0,270.0,186.0
Argentina,2019,14.0,75.0,279.0,190.0
Argentina,2020,15.0,76.0,285.0,194.0
Armenia,2004,7.0,1.0,35.0,27.0
Armenia,2010,6.0,1.0,36.0,29.0
Armenia,2016,9.0,71.0,114.0,34.0
Armenia,2017,9.0,71.0,114.0,34.0
Armenia,2018,9.0,73.0,115.0,33.0
Armenia,2019,9.0,76.0,119.0,34.0
Armenia,2020,9.0,76.0,119.0,34.0
Aruba,2004,1.0,0.0,18.0,17.0
Aruba,2010,1.0,1.0,22.0,20.0
Aruba,2016,2.0,2.0,32.0,28.0
Aruba,2017,2.0,2.0,32.0,28.0
Aruba,2018,2.0,2.0,32.0,28.0
Aruba,2019,2.0,3.0,38.0,33.0
Aruba,2020,2.0,5.0,44.0,37.0
Australia,2004,283.0,56.0,621.0,282.0
Australia,2010,489.0,67.0,853.0,297.0
Australia,2016,514.0,93.0,926.0,319.0
Australia,2017,531.0,94.0,948.0,323.0
Australia,2018,534.0,106.0,998.0,358.0
Australia,2019,545.0,108.0,1016.0,363.0
Australia,2020,548.0,327.0,1308.0,433.0
Austria,2004,44.0,3.0,67.0,20.0
Austria,2010,55.0,4.0,82.0,23.0
Austria,2016,69.0,21.0,117.0,27.0
Austria,2017,71.0,21.0,118.0,26.0
Austria,2018,74.0,25.0,127.0,28.0
Austria,2019,74.0,68.0,170.0,28.0
Austria,2020,74.0,83.0,185.0,28.0
Azerbaijan,2004,6.0,0.0,38.0,32.0
Azerbaijan,2010,4.0,0.0,45.0,41.0
Azerbaijan,2016,7.0,42.0,96.0,47.0
Azerbaijan,2017,7.0,42.0,97.0,48.0
Azerbaijan,2018,7.0,43.0,97.0,47.0
Azerbaijan,2019,7.0,45.0,101.0,49.0
Azerbaijan,2020,7.0,46.0,102.0,49.0
Bahamas,2004,1.0,5.0,42.0,36.0
Bahamas,2010,11.0,7.0,62.0,44.0
Bahamas,2016,12.0,8.0,85.0,65.0
Bahamas,2017,12.0,8.0,86.0,66.0
Bahamas,2018,12.0,7.0,90.0,71.0
Bahamas,2019,12.0,12.0,95.0,71.0
Bahamas,2020,12.0,12.0,96.0,72.0
Bahrain,2004,0.0,0.0,18.0,18.0
Bahrain,2010,13.0,0.0,32.0,19.0
Bahrain,2016,13.0,0.0,36.0,23.0
Bahrain,2017,13.0,0.0,36.0,23.0
Bahrain,2018,13.0,0.0,40.0,27.0
Bahrain,2019,13.0,0.0,46.0,33.0
Bahrain,2020,13.0,0.0,47.0,34.0
Bangladesh,2004,0.0,12.0,85.0,73.0
Bangladesh,2010,2.0,16.0,122.0,104.0
Bangladesh,2016,7.0,21.0,148.0,120.0
Bangladesh,2017,7.0,21.0,151.0,123.0
Bangladesh,2018,7.0,22.0,154.0,125.0
Bangladesh,2019,7.0,23.0,158.0,128.0
Bangladesh,2020,7.0,25.0,165.0,133.0
Barbados,2004,0.0,2.0,20.0,18.0
Barbados,2010,10.0,2.0,36.0,24.0
Barbados,2016,11.0,3.0,53.0,39.0
Barbados,2017,11.0,3.0,56.0,42.0
Barbados,2018,11.0,3.0,57.0,43.0
Barbados,2019,11.0,3.0,58.0,44.0
Barbados,2020,11.0,3.0,62.0,48.0
Belarus,2004,8.0,0.0,18.0,10.0
Belarus,2010,6.0,0.0,16.0,10.0
Belarus,2016,9.0,1.0,24.0,14.0
Belarus,2017,9.0,1.0,25.0,15.0
Belarus,2018,10.0,1.0,26.0,15.0
Belarus,2019,10.0,3.0,28.0,15.0
Belarus,2020,10.0,5.0,30.0,15.0
Belgium,2004,11.0,0.0,36.0,25.0
Belgium,2010,11.0,1.0,27.0,15.0
Belgium,2016,14.0,1.0,38.0,23.0
Belgium,2017,14.0,1.0,37.0,22.0
Belgium,2018,15.0,1.0,39.0,23.0
Belgium,2019,15.0,17.0,55.0,23.0
Belgium,2020,15.0,26.0,66.0,25.0
Belize,2004,1.0,30.0,67.0,36.0
Belize,2010,12.0,32.0,92.0,48.0
Belize,2016,12.0,36.0,118.0,70.0
Belize,2017,12.0,36.0,117.0,69.0
Belize,2018,12.0,43.0,124.0,69.0
Belize,2019,12.0,46.0,131.0,73.0
Belize,2020,12.0,53.0,143.0,78.0
Benin,2004,0.0,14.0,31.0,17.0
Benin,2010,1.0,14.0,62.0,47.0
Benin,2016,3.0,17.0,86.0,66.0
Benin,2017,3.0,17.0,88.0,68.0
Benin,2018,3.0,19.0,92.0,70.0
Benin,2019,3.0,21.0,101.0,77.0
Benin,2020,3.0,21.0,106.0,82.0
Bermuda,2004,25.0,4.0,47.0,18.0
Bermuda,2010,28.0,4.0,50.0,18.0
Bermuda,2016,28.0,8.0,71.0,35.0
Bermuda,2017,28.0,8.0,72.0,36.0
Bermuda,2018,28.0,8.0,72.0,36.0
Bermuda,2019,28.0,8.0,75.0,39.0
Bermuda,2020,30.0,8.0,80.0,42.0
Bhutan,2004,1.0,7.0,48.0,40.0
Bhutan,2010,1.0,8.0,59.0,50.0
Bhutan,2016,1.0,18.0,73.0,54.0
Bhutan,2017,1.0,18.0,71.0,52.0
Bhutan,2018,1.0,43.0,95.0,51.0
Bhutan,2019,1.0,43.0,99.0,55.0
Bhutan,2020,1.0,45.0,101.0,55.0
Bolivia (Plurin. State of),2004,1.0,70.0,150.0,79.0
Bolivia (Plurin. State of),2010,1.0,72.0,163.0,90.0
Bolivia (Plurin. State of),2016,3.0,104.0,231.0,124.0
Bolivia (Plurin. State of),2017,3.0,104.0,231.0,124.0
Bolivia (Plurin. State of),2018,3.0,104.0,236.0,129.0
Bolivia (Plurin. State of),2019,3.0,112.0,244.0,129.0
Bolivia (Plurin. State of),2020,3.0,162.0,296.0,131.0
"Bonaire, St. Eustatius & Saba",2016,11.0,3.0,56.0,42.0
"Bonaire, St. Eustatius & Saba",2017,11.0,3.0,56.0,42.0
"Bonaire, St. Eustatius & Saba",2018,11.0,3.0,56.0,42.0
"Bonaire, St. Eustatius & Saba",2019,11.0,3.0,58.0,44.0
"Bonaire, St. Eustatius & Saba",2020,11.0,6.0,67.0,50.0
Bosnia and Herzegovina,2004,10.0,1.0,40.0,29.0
Bosnia and Herzegovina,2010,22.0,1.0,67.0,44.0
Bosnia and Herzegovina,2016,36.0,1.0,88.0,51.0
Bosnia and Herzegovina,2017,39.0,1.0,91.0,51.0
Bosnia and Herzegovina,2018,42.0,3.0,95.0,50.0
Bosnia and Herzegovina,2019,42.0,6.0,98.0,50.0
Bosnia and Herzegovina,2020,43.0,6.0,104.0,55.0
Botswana,2004,0.0,0.0,15.0,15.0
Botswana,2010,0.0,0.0,18.0,18.0
Botswana,2016,0.0,2.0,26.0,24.0
Botswana,2017,0.0,2.0,28.0,26.0
Botswana,2018,0.0,2.0,30.0,28.0
Botswana,2019,0.0,3.0,33.0,30.0
Botswana,2020,0.0,3.0,33.0,30.0
Bouvet Island,2004,0.0,0.0,1.0,1.0
Bouvet Island,2010,0.0,0.0,2.0,2.0
Bouvet Island,2016,0.0,0.0,3.0,3.0
Bouvet Island,2017,0.0,0.0,3.0,3.0
Bouvet Island,2018,0.0,0.0,3.0,3.0
Bouvet Island,2019,0.0,0.0,3.0,3.0
Bouvet Island,2020,0.0,0.0,2.0,2.0
Brazil,2004,34.0,381.0,697.0,282.0
Brazil,2010,45.0,387.0,773.0,341.0
Brazil,2016,55.0,521.0,973.0,397.0
Brazil,2017,55.0,532.0,990.0,403.0
Brazil,2018,55.0,538.0,1000.0,407.0
Brazil,2019,64.0,582.0,1057.0,411.0
Brazil,2020,66.0,596.0,1078.0,416.0
British Indian Ocean Terr.,2004,0.0,1.0,7.0,6.0
British Indian Ocean Terr.,2010,65.0,1.0,76.0,10.0
British Indian Ocean Terr.,2016,69.0,1.0,84.0,14.0
British Indian Ocean Terr.,2017,69.0,1.0,85.0,15.0
British Indian Ocean Terr.,2018,69.0,1.0,85.0,15.0
British Indian Ocean Terr.,2019,69.0,1.0,88.0,18.0
British Indian Ocean Terr.,2020,69.0,1.0,91.0,21.0
British Virgin Islands,2004,0.0,10.0,30.0,20.0
British Virgin Islands,2010,10.0,10.0,43.0,23.0
British Virgin Islands,2016,10.0,10.0,61.0,41.0
British Virgin Islands,2017,10.0,10.0,67.0,47.0
British Virgin Islands,2018,10.0,20.0,78.0,48.0
British Virgin Islands,2019,10.0,20.0,82.0,52.0
British Virgin Islands,2020,10.0,23.0,88.0,55.0
Brunei Darussalam,2004,0.0,99.0,148.0,49.0
Brunei Darussalam,2010,1.0,99.0,170.0,70.0
Brunei Darussalam,2016,8.0,104.0,192.0,80.0
Brunei Darussalam,2017,8.0,104.0,193.0,81.0
Brunei Darussalam,2018,9.0,116.0,207.0,82.0
Brunei Darussalam,2019,12.0,131.0,236.0,93.0
Brunei Darussalam,2020,18.0,160.0,275.0,97.0
Bulgaria,2004,9.0,0.0,44.0,35.0
Bulgaria,2010,27.0,0.0,66.0,39.0
Bulgaria,2016,38.0,6.0,93.0,49.0
Bulgaria,2017,48.0,6.0,104.0,50.0
Bulgaria,2018,57.0,9.0,115.0,49.0
Bulgaria,2019,57.0,18.0,124.0,49.0
Bulgaria,2020,57.0,21.0,127.0,49.0
Burkina Faso,2004,0.0,2.0,11.0,9.0
Burkina Faso,2010,1.0,3.0,24.0,20.0
Burkina Faso,2016,1.0,3.0,31.0,27.0
Burkina Faso,2017,1.0,3.0,31.0,27.0
Burkina Faso,2018,1.0,3.0,30.0,26.0
Burkina Faso,2019,1.0,4.0,33.0,28.0
Burkina Faso,2020,1.0,5.0,36.0,30.0
Burundi,2004,4.0,2.0,28.0,22.0
Burundi,2010,7.0,2.0,52.0,43.0
Burundi,2016,7.0,8.0,59.0,44.0
Burundi,2017,7.0,8.0,61.0,46.0
Burundi,2018,7.0,89.0,142.0,46.0
Burundi,2019,6.0,110.0,162.0,46.0
Burundi,2020,6.0,134.0,188.0,48.0
Cabo Verde,2004,0.0,2.0,23.0,21.0
Cabo Verde,2010,0.0,3.0,31.0,28.0
Cabo Verde,2016,13.0,3.0,65.0,49.0
Cabo Verde,2017,13.0,3.0,65.0,49.0
Cabo Verde,2018,13.0,51.0,115.0,51.0
Cabo Verde,2019,13.0,51.0,117.0,53.0
Cabo Verde,2020,13.0,51.0,119.0,55.0
Cambodia,2004,0.0,31.0,103.0,72.0
Cambodia,2010,67.0,30.0,204.0,107.0
Cambodia,2016,79.0,36.0,252.0,137.0
Cambodia,2017,79.0,35.0,255.0,141.0
Cambodia,2018,79.0,37.0,261.0,145.0
Cambodia,2019,79.0,39.0,272.0,154.0
Cambodia,2020,79.0,41.0,280.0,160.0
Cameroon,2004,4.0,334.0,484.0,146.0
Cameroon,2010,24.0,378.0,624.0,222.0
Cameroon,2016,27.0,490.0,772.0,255.0
Cameroon,2017,27.0,490.0,775.0,258.0
Cameroon,2018,25.0,544.0,832.0,263.0
Cameroon,2019,25.0,559.0,852.0,268.0
Cameroon,2020,26.0,592.0,890.0,272.0
Canada,2004,11.0,1.0,74.0,62.0
Canada,2010,12.0,2.0,77.0,63.0
Canada,2016,25.0,14.0,118.0,79.0
Canada,2017,27.0,14.0,122.0,81.0
Canada,2018,37.0,25.0,148.0,86.0
Canada,2019,38.0,37.0,168.0,93.0
Canada,2020,38.0,40.0,173.0,95.0
Cayman Islands,2004,1.0,2.0,19.0,16.0
Cayman Islands,2010,11.0,2.0,34.0,21.0
Cayman Islands,2016,11.0,22.0,71.0,38.0
Cayman Islands,2017,11.0,22.0,74.0,41.0
Cayman Islands,2018,11.0,22.0,74.0,41.0
Cayman Islands,2019,11.0,23.0,79.0,45.0
Cayman Islands,2020,13.0,23.0,83.0,47.0
Central African Republic,2004,0.0,15.0,30.0,15.0
Central African Republic,2010,0.0,17.0,36.0,19.0
Central African Republic,2016,0.0,24.0,57.0,33.0
Central African Republic,2017,0.0,24.0,60.0,36.0
Central African Republic,2018,0.0,25.0,63.0,38.0
Central African Republic,2019,0.0,26.0,66.0,40.0
Central African Republic,2020,0.0,29.0,73.0,44.0
Chad,2004,1.0,2.0,21.0,18.0
Chad,2010,4.0,2.0,30.0,24.0
Chad,2016,4.0,6.0,41.0,31.0
Chad,2017,4.0,6.0,43.0,33.0
Chad,2018,4.0,6.0,46.0,36.0
Chad,2019,4.0,6.0,48.0,38.0
Chad,2020,4.0,6.0,48.0,38.0
Chile,2004,0.0,40.0,123.0,83.0
Chile,2010,9.0,41.0,145.0,95.0
Chile,2016,13.0,72.0,196.0,111.0
Chile,2017,13.0,72.0,197.0,112.0
Chile,2018,13.0,72.0,217.0,132.0
Chile,2019,13.0,76.0,224.0,135.0
Chile,2020,13.0,87.0,240.0,140.0
China,2004,4.0,443.0,773.0,326.0
China,2010,32.0,453.0,859.0,374.0
China,2016,76.0,575.0,1079.0,428.0
China,2017,76.0,574.0,1080.0,430.0
China,2018,76.0,588.0,1095.0,431.0
China,2019,79.0,604.0,1124.0,441.0
China,2020,84.0,637.0,1172.0,451.0
"China, Hong Kong SAR",2004,1.0,6.0,39.0,32.0
"China, Hong Kong SAR",2010,6.0,6.0,49.0,37.0
"China, Hong Kong SAR",2016,8.0,9.0,63.0,46.0
"China, Hong Kong SAR",2017,8.0,9.0,64.0,47.0
"China, Hong Kong SAR",2018,8.0,8.0,65.0,49.0
"China, Hong Kong SAR",2019,9.0,10.0,70.0,51.0
"China, Hong Kong SAR",2020,9.0,11.0,83.0,63.0
"China, Macao SAR",2004,0.0,0.0,5.0,5.0
"China, Macao SAR",2010,0.0,0.0,9.0,9.0
"China, Macao SAR",2016,1.0,0.0,11.0,10.0
"China, Macao SAR",2017,1.0,0.0,11.0,10.0
"China, Macao SAR",2018,1.0,0.0,11.0,10.0
"China, Macao SAR",2019,1.0,0.0,16.0,15.0
"China, Macao SAR",2020,1.0,0.0,26.0,25.0
Christmas Island,2004,0.0,1.0,13.0,12.0
Christmas Island,2010,16.0,1.0,33.0,16.0
Christmas Island,2016,18.0,1.0,39.0,20.0
Christmas Island,2017,18.0,1.0,39.0,20.0
Christmas Island,2018,19.0,1.0,38.0,18.0
Christmas Island,2019,19.0,1.0,42.0,22.0
Christmas Island,2020,19.0,1.0,46.0,26.0
Cocos (Keeling) Islands,2004,0.0,0.0,5.0,5.0
Cocos (Keeling) Islands,2010,17.0,0.0,28.0,11.0
Cocos (Keeling) Islands,2016,20.0,0.0,32.0,12.0
Cocos (Keeling) Islands,2017,20.0,0.0,33.0,13.0
Cocos (Keeling) Islands,2018,20.0,0.0,33.0,13.0
Cocos (Keeling) Islands,2019,20.0,0.0,37.0,17.0
Cocos (Keeling) Islands,2020,20.0,0.0,40.0,20.0
Colombia,2004,0.0,222.0,593.0,371.0
Colombia,2010,30.0,227.0,681.0,424.0
Colombia,2016,52.0,257.0,827.0,518.0
Colombia,2017,52.0,258.0,835.0,525.0
Colombia,2018,53.0,261.0,851.0,537.0
Colombia,2019,55.0,280.0,916.0,581.0
Colombia,2020,56.0,354.0,1025.0,615.0
Comoros,2004,4.0,5.0,27.0,18.0
Comoros,2010,63.0,5.0,89.0,21.0
Comoros,2016,73.0,7.0,109.0,29.0
Comoros,2017,74.0,7.0,114.0,33.0
Comoros,2018,76.0,9.0,119.0,34.0
Comoros,2019,77.0,9.0,123.0,37.0
Comoros,2020,77.0,9.0,127.0,41.0
Congo,2004,1.0,35.0,65.0,29.0
Congo,2010,5.0,37.0,103.0,61.0
Congo,2016,7.0,45.0,133.0,81.0
Congo,2017,7.0,45.0,134.0,82.0
Congo,2018,7.0,47.0,140.0,86.0
Congo,2019,7.0,47.0,140.0,86.0
Congo,2020,7.0,56.0,155.0,92.0
Cook Islands,2004,0.0,1.0,23.0,22.0
Cook Islands,2010,25.0,1.0,53.0,27.0
Cook Islands,2016,32.0,11.0,74.0,31.0
Cook Islands,2017,32.0,11.0,75.0,32.0
Cook Islands,2018,32.0,11.0,75.0,32.0
Cook Islands,2019,32.0,11.0,75.0,32.0
Cook Islands,2020,32.0,11.0,77.0,34.0
Costa Rica,2004,9.0,110.0,231.0,112.0
Costa Rica,2010,27.0,116.0,285.0,142.0
Costa Rica,2016,31.0,140.0,337.0,166.0
Costa Rica,2017,31.0,140.0,340.0,169.0
Costa Rica,2018,31.0,144.0,346.0,171.0
Costa Rica,2019,31.0,144.0,351.0,176.0
Costa Rica,2020,31.0,151.0,363.0,181.0
Croatia,2004,11.0,0.0,57.0,46.0
Croatia,2010,21.0,3.0,101.0,77.0
Croatia,2016,68.0,9.0,170.0,93.0
Croatia,2017,73.0,9.0,176.0,94.0
Croatia,2018,79.0,9.0,181.0,93.0
Croatia,2019,79.0,25.0,197.0,93.0
Croatia,2020,80.0,35.0,212.0,97.0
Cuba,2004,3.0,163.0,272.0,106.0
Cuba,2010,15.0,166.0,304.0,123.0
Cuba,2016,23.0,179.0,340.0,138.0
Cuba,2017,23.0,179.0,339.0,137.0
Cuba,2018,23.0,179.0,348.0,146.0
Cuba,2019,23.0,180.0,354.0,151.0
Cuba,2020,23.0,179.0,357.0,155.0
Curaçao,2016,11.0,2.0,49.0,36.0
Curaçao,2017,11.0,2.0,51.0,38.0
Curaçao,2018,11.0,2.0,51.0,38.0
Curaçao,2019,11.0,2.0,52.0,39.0
Curaçao,2020,11.0,4.0,58.0,43.0
Cyprus,2004,0.0,1.0,25.0,24.0
Cyprus,2010,4.0,8.0,43.0,31.0
Cyprus,2016,12.0,18.0,71.0,41.0
Cyprus,2017,12.0,18.0,72.0,42.0
Cyprus,2018,15.0,21.0,78.0,42.0
Cyprus,2019,15.0,24.0,83.0,44.0
Cyprus,2020,16.0,24.0,84.0,44.0
Czechia,2004,19.0,4.0,45.0,22.0
Czechia,2010,19.0,4.0,33.0,10.0
Czechia,2016,24.0,15.0,53.0,14.0
Czechia,2017,24.0,15.0,53.0,14.0
Czechia,2018,29.0,31.0,74.0,14.0
Czechia,2019,29.0,51.0,94.0,14.0
Czechia,2020,29.0,61.0,104.0,14.0
Côte d’Ivoire,2004,1.0,105.0,167.0,61.0
Côte d’Ivoire,2010,4.0,106.0,210.0,100.0
Côte d’Ivoire,2016,6.0,112.0,245.0,127.0
Côte d’Ivoire,2017,6.0,113.0,249.0,130.0
Côte d’Ivoire,2018,7.0,117.0,257.0,133.0
Côte d’Ivoire,2019,7.0,129.0,270.0,134.0
Côte d’Ivoire,2020,7.0,133.0,280.0,140.0
Dem. People's Rep. Korea,2004,1.0,3.0,44.0,40.0
Dem. People's Rep. Korea,2010,2.0,6.0,52.0,44.0
Dem. People's Rep. Korea,2016,3.0,17.0,77.0,57.0
Dem. People's Rep. Korea,2017,3.0,17.0,78.0,58.0
Dem. People's Rep. Korea,2018,3.0,17.0,80.0,60.0
Dem. People's Rep. Korea,2019,3.0,17.0,83.0,63.0
Dem. People's Rep. Korea,2020,3.0,19.0,88.0,66.0
Dem. Rep. of the Congo,2004,22.0,65.0,171.0,84.0
Dem. Rep. of the Congo,2010,51.0,83.0,296.0,162.0
Dem. Rep. of the Congo,2016,53.0,113.0,349.0,183.0
Dem. Rep. of the Congo,2017,53.0,114.0,349.0,182.0
Dem. Rep. of the Congo,2018,55.0,148.0,390.0,187.0
Dem. Rep. of the Congo,2019,54.0,185.0,427.0,188.0
Dem. Rep. of the Congo,2020,54.0,240.0,497.0,203.0
Denmark,2004,11.0,3.0,35.0,21.0
Denmark,2010,12.0,3.0,33.0,18.0
Denmark,2016,15.0,4.0,46.0,27.0
Denmark,2017,15.0,4.0,47.0,28.0
Denmark,2018,16.0,4.0,49.0,29.0
Denmark,2019,16.0,21.0,67.0,30.0
Denmark,2020,16.0,30.0,77.0,31.0
Djibouti,2004,0.0,2.0,21.0,19.0
Djibouti,2010,50.0,2.0,81.0,29.0
Djibouti,2016,57.0,3.0,98.0,38.0
Djibouti,2017,57.0,3.0,98.0,38.0
Djibouti,2018,57.0,3.0,103.0,43.0
Djibouti,2019,57.0,3.0,109.0,49.0
Djibouti,2020,57.0,3.0,110.0,50.0
Dominica,2004,0.0,11.0,33.0,22.0
Dominica,2010,11.0,10.0,48.0,27.0
Dominica,2016,11.0,11.0,64.0,42.0
Dominica,2017,11.0,11.0,66.0,44.0
Dominica,2018,11.0,11.0,66.0,44.0
Dominica,2019,11.0,12.0,70.0,47.0
Dominica,2020,11.0,12.0,74.0,51.0
Dominican Republic,2004,2.0,30.0,104.0,72.0
Dominican Republic,2010,16.0,30.0,126.0,80.0
Dominican Republic,2016,16.0,42.0,153.0,95.0
Dominican Republic,2017,16.0,42.0,184.0,126.0
Dominican Republic,2018,16.0,45.0,191.0,130.0
Dominican Republic,2019,18.0,49.0,200.0,133.0
Dominican Republic,2020,19.0,48.0,203.0,136.0
Ecuador,2004,48.0,1815.0,2151.0,288.0
Ecuador,2010,62.0,1837.0,2255.0,356.0
Ecuador,2016,70.0,1866.0,2353.0,417.0
Ecuador,2017,70.0,1862.0,2358.0,426.0
Ecuador,2018,70.0,1864.0,2368.0,434.0
Ecuador,2019,70.0,1882.0,2393.0,441.0
Ecuador,2020,70.0,1961.0,2501.0,470.0
Egypt,2004,1.0,2.0,46.0,43.0
Egypt,2010,46.0,2.0,121.0,73.0
Egypt,2016,56.0,3.0,155.0,96.0
Egypt,2017,56.0,3.0,156.0,97.0
Egypt,2018,56.0,8.0,163.0,99.0
Egypt,2019,56.0,8.0,169.0,105.0
Egypt,2020,57.0,8.0,172.0,107.0
El Salvador,2004,1.0,25.0,49.0,23.0
El Salvador,2010,6.0,27.0,72.0,39.0
El Salvador,2016,10.0,29.0,86.0,47.0
El Salvador,2017,10.0,29.0,86.0,47.0
El Salvador,2018,10.0,30.0,87.0,47.0
El Salvador,2019,10.0,33.0,93.0,50.0
El Salvador,2020,10.0,42.0,107.0,55.0
Equatorial Guinea,2004,2.0,61.0,101.0,38.0
Equatorial Guinea,2010,2.0,68.0,130.0,60.0
Equatorial Guinea,2016,5.0,88.0,178.0,85.0
Equatorial Guinea,2017,5.0,87.0,177.0,85.0
Equatorial Guinea,2018,4.0,95.0,185.0,86.0
Equatorial Guinea,2019,4.0,98.0,190.0,88.0
Equatorial Guinea,2020,4.0,107.0,205.0,94.0
Eritrea,2004,0.0,3.0,34.0,31.0
Eritrea,2010,50.0,3.0,97.0,44.0
Eritrea,2016,58.0,4.0,120.0,58.0
Eritrea,2017,58.0,5.0,122.0,59.0
Eritrea,2018,58.0,5.0,130.0,67.0
Eritrea,2019,58.0,6.0,138.0,74.0
Eritrea,2020,58.0,6.0,143.0,79.0
Estonia,2004,4.0,0.0,12.0,8.0
Estonia,2010,3.0,0.0,11.0,8.0
Estonia,2016,6.0,2.0,22.0,14.0
Estonia,2017,6.0,2.0,23.0,15.0
Estonia,2018,7.0,2.0,24.0,15.0
Estonia,2019,7.0,17.0,39.0,15.0
Estonia,2020,7.0,26.0,48.0,15.0
Eswatini,2004,0.0,11.0,23.0,12.0
Eswatini,2010,0.0,11.0,29.0,18.0
Eswatini,2016,0.0,11.0,36.0,25.0
Eswatini,2017,0.0,11.0,34.0,23.0
Eswatini,2018,0.0,12.0,38.0,26.0
Eswatini,2019,0.0,13.0,41.0,28.0
Eswatini,2020,0.0,13.0,41.0,28.0
Ethiopia,2004,6.0,22.0,93.0,65.0
Ethiopia,2010,15.0,26.0,120.0,79.0
Ethiopia,2016,15.0,41.0,148.0,92.0
Ethiopia,2017,15.0,43.0,148.0,90.0
Ethiopia,2018,15.0,47.0,157.0,95.0
Ethiopia,2019,15.0,64.0,178.0,99.0
Ethiopia,2020,15.0,64.0,180.0,101.0
Falkland Islands (Malvinas),2004,0.0,5.0,26.0,21.0
Falkland Islands (Malvinas),2010,0.0,5.0,23.0,18.0
Falkland Islands (Malvinas),2016,0.0,5.0,23.0,18.0
Falkland Islands (Malvinas),2017,0.0,5.0,23.0,18.0
Falkland Islands (Malvinas),2018,0.0,5.0,22.0,17.0
Falkland Islands (Malvinas),2019,0.0,6.0,23.0,17.0
Falkland Islands (Malvinas),2020,0.0,6.0,24.0,18.0
Faroe Islands,2004,0.0,0.0,11.0,11.0
Faroe Islands,2010,0.0,0.0,13.0,13.0
Faroe Islands,2016,0.0,1.0,21.0,20.0
Faroe Islands,2017,0.0,1.0,21.0,20.0
Faroe Islands,2018,0.0,1.0,23.0,22.0
Faroe Islands,2019,0.0,4.0,27.0,23.0
Faroe Islands,2020,0.0,5.0,29.0,24.0
Fiji,2004,2.0,66.0,101.0,33.0
Fiji,2010,90.0,65.0,192.0,37.0
Fiji,2016,165.0,65.0,282.0,52.0
Fiji,2017,165.0,71.0,291.0,55.0
Fiji,2018,165.0,78.0,298.0,55.0
Fiji,2019,165.0,78.0,300.0,57.0
Fiji,2020,172.0,87.0,321.0,62.0
Finland,2004,10.0,1.0,25.0,14.0
Finland,2010,7.0,1.0,18.0,10.0
Finland,2016,10.0,8.0,35.0,17.0
Finland,2017,10.0,8.0,36.0,18.0
Finland,2018,10.0,8.0,37.0,19.0
Finland,2019,10.0,21.0,50.0,19.0
Finland,2020,10.0,32.0,61.0,19.0
France,2004,65.0,2.0,120.0,53.0
France,2010,91.0,15.0,168.0,62.0
France,2016,137.0,43.0,260.0,80.0
France,2017,153.0,43.0,278.0,82.0
France,2018,160.0,55.0,299.0,84.0
France,2019,160.0,98.0,342.0,84.0
France,2020,162.0,116.0,366.0,88.0
French Guiana,2004,0.0,16.0,49.0,33.0
French Guiana,2010,0.0,16.0,56.0,40.0
French Guiana,2016,0.0,18.0,73.0,55.0
French Guiana,2017,0.0,18.0,73.0,55.0
French Guiana,2018,0.0,18.0,74.0,56.0
French Guiana,2019,0.0,18.0,77.0,59.0
French Guiana,2020,0.0,20.0,79.0,59.0
French Polynesia,2004,29.0,47.0,122.0,46.0
French Polynesia,2010,59.0,47.0,160.0,54.0
French Polynesia,2016,65.0,47.0,175.0,63.0
French Polynesia,2017,62.0,47.0,175.0,66.0
French Polynesia,2018,62.0,48.0,176.0,66.0
French Polynesia,2019,62.0,48.0,177.0,67.0
French Polynesia,2020,65.0,48.0,181.0,68.0
French Southern Territories,2004,0.0,0.0,17.0,17.0
French Southern Territories,2010,0.0,0.0,21.0,21.0
French Southern Territories,2016,0.0,0.0,24.0,24.0
French Southern Territories,2017,0.0,0.0,25.0,25.0
French Southern Territories,2018,0.0,0.0,25.0,25.0
French Southern Territories,2019,0.0,1.0,29.0,28.0
French Southern Territories,2020,0.0,1.0,29.0,28.0
Gabon,2004,1.0,107.0,139.0,31.0
Gabon,2010,0.0,120.0,204.0,84.0
Gabon,2016,3.0,162.0,270.0,105.0
Gabon,2017,3.0,162.0,270.0,105.0
Gabon,2018,4.0,172.0,283.0,107.0
Gabon,2019,4.0,181.0,291.0,106.0
Gabon,2020,4.0,215.0,329.0,110.0
Gambia,2004,0.0,4.0,21.0,17.0
Gambia,2010,0.0,4.0,43.0,39.0
Gambia,2016,2.0,5.0,67.0,60.0
Gambia,2017,2.0,5.0,67.0,60.0
Gambia,2018,2.0,5.0,70.0,63.0
Gambia,2019,2.0,6.0,76.0,68.0
Gambia,2020,2.0,7.0,87.0,78.0
Georgia,2004,10.0,0.0,43.0,33.0
Georgia,2010,9.0,0.0,46.0,37.0
Georgia,2016,15.0,62.0,119.0,42.0
Georgia,2017,15.0,62.0,120.0,43.0
Georgia,2018,15.0,63.0,120.0,42.0
Georgia,2019,15.0,68.0,125.0,42.0
Georgia,2020,15.0,69.0,126.0,42.0
Germany,2004,31.0,12.0,78.0,35.0
Germany,2010,34.0,12.0,79.0,33.0
Germany,2016,57.0,24.0,120.0,39.0
Germany,2017,57.0,19.0,116.0,40.0
Germany,2018,61.0,43.0,144.0,40.0
Germany,2019,61.0,83.0,185.0,41.0
Germany,2020,61.0,97.0,200.0,42.0
Ghana,2004,0.0,117.0,160.0,43.0
Ghana,2010,1.0,118.0,202.0,83.0
Ghana,2016,5.0,119.0,236.0,112.0
Ghana,2017,5.0,119.0,238.0,114.0
Ghana,2018,5.0,118.0,241.0,118.0
Ghana,2019,5.0,121.0,246.0,120.0
Ghana,2020,5.0,122.0,255.0,128.0
Gibraltar,2004,2.0,0.0,18.0,16.0
Gibraltar,2010,2.0,0.0,22.0,20.0
Gibraltar,2016,5.0,0.0,33.0,28.0
Gibraltar,2017,5.0,0.0,31.0,26.0
Gibraltar,2018,5.0,1.0,34.0,28.0
Gibraltar,2019,5.0,1.0,33.0,27.0
Gibraltar,2020,6.0,1.0,36.0,29.0
Greece,2004,11.0,2.0,75.0,62.0
Greece,2010,36.0,13.0,156.0,107.0
Greece,2016,181.0,60.0,361.0,120.0
Greece,2017,192.0,61.0,374.0,121.0
Greece,2018,308.0,71.0,502.0,123.0
Greece,2019,308.0,80.0,512.0,124.0
Greece,2020,309.0,84.0,520.0,127.0
Greenland,2004,0.0,1.0,12.0,11.0
Greenland,2010,0.0,1.0,14.0,13.0
Greenland,2016,0.0,1.0,22.0,21.0
Greenland,2017,0.0,1.0,23.0,22.0
Greenland,2018,0.0,1.0,25.0,24.0
Greenland,2019,0.0,1.0,25.0,24.0
Greenland,2020,0.0,3.0,27.0,24.0
Grenada,2004,0.0,3.0,23.0,20.0
Grenada,2010,10.0,3.0,37.0,24.0
Grenada,2016,10.0,3.0,53.0,40.0
Grenada,2017,10.0,3.0,54.0,41.0
Grenada,2018,10.0,3.0,55.0,42.0
Grenada,2019,10.0,3.0,56.0,43.0
Grenada,2020,10.0,3.0,60.0,47.0
Guadeloupe,2004,1.0,7.0,33.0,25.0
Guadeloupe,2010,16.0,8.0,54.0,30.0
Guadeloupe,2016,16.0,9.0,70.0,45.0
Guadeloupe,2017,16.0,9.0,73.0,48.0
Guadeloupe,2018,16.0,9.0,75.0,50.0
Guadeloupe,2019,16.0,10.0,79.0,53.0
Guadeloupe,2020,16.0,10.0,83.0,57.0
Guam,2004,5.0,3.0,24.0,16.0
Guam,2010,6.0,4.0,34.0,24.0
Guam,2016,60.0,4.0,98.0,34.0
Guam,2017,60.0,4.0,99.0,35.0
Guam,2018,60.0,4.0,99.0,35.0
Guam,2019,60.0,5.0,103.0,38.0
Guam,2020,60.0,5.0,107.0,42.0
Guatemala,2004,8.0,85.0,208.0,115.0
Guatemala,2010,8.0,82.0,230.0,140.0
Guatemala,2016,13.0,102.0,291.0,176.0
Guatemala,2017,13.0,101.0,290.0,176.0
Guatemala,2018,13.0,113.0,301.0,175.0
Guatemala,2019,13.0,123.0,321.0,185.0
Guatemala,2020,13.0,150.0,352.0,189.0
Guernsey,2010,0.0,0.0,2.0,2.0
Guernsey,2016,0.0,0.0,5.0,5.0
Guernsey,2017,0.0,0.0,5.0,5.0
Guernsey,2018,0.0,0.0,5.0,5.0
Guernsey,2019,0.0,0.0,6.0,6.0
Guernsey,2020,0.0,0.0,12.0,12.0
Guinea,2004,3.0,22.0,67.0,42.0
Guinea,2010,5.0,22.0,134.0,107.0
Guinea,2016,7.0,44.0,183.0,132.0
Guinea,2017,7.0,44.0,185.0,134.0
Guinea,2018,8.0,69.0,215.0,138.0
Guinea,2019,8.0,175.0,327.0,144.0
Guinea,2020,8.0,189.0,365.0,168.0
Guinea-Bissau,2004,1.0,4.0,22.0,17.0
Guinea-Bissau,2010,0.0,4.0,52.0,48.0
Guinea-Bissau,2016,2.0,5.0,76.0,69.0
Guinea-Bissau,2017,2.0,5.0,77.0,70.0
Guinea-Bissau,2018,2.0,5.0,80.0,73.0
Guinea-Bissau,2019,2.0,10.0,87.0,75.0
Guinea-Bissau,2020,2.0,10.0,92.0,80.0
Guyana,2004,1.0,23.0,65.0,41.0
Guyana,2010,1.0,22.0,69.0,46.0
Guyana,2016,1.0,26.0,92.0,65.0
Guyana,2017,1.0,26.0,94.0,67.0
Guyana,2018,1.0,26.0,100.0,73.0
Guyana,2019,1.0,33.0,117.0,83.0
Guyana,2020,1.0,35.0,122.0,86.0
Haiti,2004,2.0,28.0,116.0,86.0
Haiti,2010,14.0,29.0,137.0,94.0
Haiti,2016,14.0,42.0,169.0,113.0
Haiti,2017,14.0,42.0,205.0,149.0
Haiti,2018,14.0,80.0,247.0,153.0
Haiti,2019,14.0,94.0,263.0,155.0
Haiti,2020,14.0,94.0,269.0,161.0
Heard Is. and McDonald Is.,2004,0.0,0.0,12.0,12.0
Heard Is. and McDonald Is.,2010,0.0,0.0,12.0,12.0
Heard Is. and McDonald Is.,2016,0.0,0.0,12.0,12.0
Heard Is. and McDonald Is.,2017,0.0,0.0,12.0,12.0
Heard Is. and McDonald Is.,2018,0.0,0.0,12.0,12.0
Heard Is. and McDonald Is.,2019,0.0,0.0,12.0,12.0
Heard Is. and McDonald Is.,2020,0.0,0.0,12.0,12.0
Holy See,2010,0.0,0.0,1.0,1.0
Holy See,2016,0.0,0.0,1.0,1.0
Holy See,2017,0.0,0.0,1.0,1.0
Holy See,2018,0.0,0.0,1.0,1.0
Holy See,2019,0.0,0.0,1.0,1.0
Holy See,2020,0.0,0.0,1.0,1.0
Honduras,2004,2.0,111.0,206.0,93.0
Honduras,2010,17.0,113.0,240.0,110.0
Honduras,2016,21.0,123.0,300.0,156.0
Honduras,2017,21.0,123.0,301.0,157.0
Honduras,2018,21.0,131.0,309.0,157.0
Honduras,2019,21.0,134.0,318.0,163.0
Honduras,2020,21.0,140.0,342.0,181.0
Hungary,2004,25.0,1.0,51.0,25.0
Hungary,2010,26.0,1.0,47.0,20.0
Hungary,2016,35.0,12.0,72.0,25.0
Hungary,2017,29.0,11.0,66.0,26.0
Hungary,2018,34.0,45.0,105.0,26.0
Hungary,2019,33.0,59.0,119.0,27.0
Hungary,2020,33.0,63.0,123.0,27.0
Iceland,2004,0.0,0.0,15.0,15.0
Iceland,2010,0.0,0.0,17.0,17.0
Iceland,2016,0.0,0.0,26.0,26.0
Iceland,2017,0.0,0.0,27.0,27.0
Iceland,2018,0.0,0.0,29.0,29.0
Iceland,2019,0.0,2.0,31.0,29.0
Iceland,2020,0.0,6.0,36.0,30.0
India,2004,23.0,246.0,552.0,283.0
India,2010,113.0,255.0,758.0,390.0
India,2016,135.0,388.0,1051.0,528.0
India,2017,135.0,387.0,1052.0,530.0
India,2018,135.0,392.0,1067.0,540.0
India,2019,136.0,399.0,1081.0,546.0
India,2020,138.0,430.0,1118.0,550.0
Indonesia,2004,31.0,383.0,833.0,419.0
Indonesia,2010,246.0,393.0,1142.0,503.0
Indonesia,2016,290.0,427.0,1257.0,540.0
Indonesia,2017,290.0,427.0,1281.0,564.0
Indonesia,2018,287.0,436.0,1295.0,572.0
Indonesia,2019,336.0,509.0,1472.0,627.0
Indonesia,2020,364.0,627.0,1654.0,663.0
Iran (Islamic Republic of),2004,3.0,1.0,69.0,65.0
Iran (Islamic Republic of),2010,19.0,1.0,102.0,82.0
Iran (Islamic Republic of),2016,24.0,3.0,132.0,105.0
Iran (Islamic Republic of),2017,24.0,4.0,134.0,106.0
Iran (Islamic Republic of),2018,24.0,5.0,140.0,111.0
Iran (Islamic Republic of),2019,24.0,10.0,152.0,118.0
Iran (Islamic Republic of),2020,24.0,12.0,161.0,125.0
Iraq,2004,2.0,0.0,35.0,33.0
Iraq,2010,15.0,0.0,60.0,45.0
Iraq,2016,17.0,1.0,72.0,54.0
Iraq,2017,17.0,2.0,72.0,53.0
Iraq,2018,17.0,2.0,73.0,54.0
Iraq,2019,17.0,3.0,78.0,58.0
Iraq,2020,17.0,4.0,80.0,59.0
Ireland,2004,3.0,1.0,22.0,18.0
Ireland,2010,2.0,1.0,27.0,24.0
Ireland,2016,6.0,3.0,49.0,40.0
Ireland,2017,6.0,3.0,50.0,41.0
Ireland,2018,6.0,5.0,53.0,42.0
Ireland,2019,6.0,21.0,71.0,44.0
Ireland,2020,6.0,27.0,79.0,46.0
Isle of Man,2010,0.0,0.0,2.0,2.0
Isle of Man,2016,0.0,0.0,3.0,3.0
Isle of Man,2017,0.0,0.0,3.0,3.0
Isle of Man,2018,0.0,0.0,3.0,3.0
Isle of Man,2019,0.0,1.0,3.0,2.0
Isle of Man,2020,0.0,1.0,6.0,5.0
Israel,2004,10.0,0.0,57.0,47.0
Israel,2010,58.0,0.0,131.0,73.0
Israel,2016,74.0,9.0,172.0,89.0
Israel,2017,74.0,10.0,174.0,90.0
Israel,2018,74.0,23.0,188.0,91.0
Israel,2019,74.0,28.0,205.0,103.0
Israel,2020,74.0,28.0,207.0,105.0
Italy,2004,58.0,3.0,114.0,53.0
Italy,2010,77.0,27.0,174.0,70.0
Italy,2016,141.0,79.0,305.0,85.0
Italy,2017,194.0,78.0,359.0,87.0
Italy,2018,222.0,109.0,420.0,89.0
Italy,2019,222.0,145.0,458.0,91.0
Italy,2020,223.0,164.0,482.0,95.0
Jamaica,2004,5.0,208.0,267.0,54.0
Jamaica,2010,15.0,209.0,282.0,58.0
Jamaica,2016,15.0,214.0,300.0,71.0
Jamaica,2017,15.0,214.0,311.0,82.0
Jamaica,2018,15.0,214.0,316.0,87.0
Jamaica,2019,15.0,215.0,321.0,91.0
Jamaica,2020,15.0,214.0,323.0,94.0
Japan,2004,45.0,12.0,205.0,148.0
Japan,2010,157.0,15.0,330.0,158.0
Japan,2016,171.0,46.0,397.0,180.0
Japan,2017,171.0,49.0,404.0,184.0
Japan,2018,174.0,50.0,422.0,198.0
Japan,2019,176.0,60.0,459.0,223.0
Japan,2020,177.0,65.0,470.0,228.0
Jersey,2010,0.0,0.0,2.0,2.0
Jersey,2016,1.0,0.0,6.0,5.0
Jersey,2017,1.0,0.0,6.0,5.0
Jersey,2018,1.0,0.0,6.0,5.0
Jersey,2019,1.0,0.0,7.0,6.0
Jersey,2020,1.0,1.0,14.0,12.0
Jordan,2004,3.0,0.0,30.0,27.0
Jordan,2010,48.0,1.0,90.0,41.0
Jordan,2016,61.0,5.0,113.0,47.0
Jordan,2017,61.0,5.0,113.0,47.0
Jordan,2018,61.0,8.0,117.0,48.0
Jordan,2019,61.0,8.0,124.0,55.0
Jordan,2020,61.0,8.0,121.0,52.0
Kazakhstan,2004,4.0,1.0,53.0,48.0
Kazakhstan,2010,4.0,16.0,73.0,53.0
Kazakhstan,2016,7.0,16.0,80.0,57.0
Kazakhstan,2017,7.0,16.0,82.0,59.0
Kazakhstan,2018,7.0,14.0,80.0,59.0
Kazakhstan,2019,7.0,15.0,81.0,59.0
Kazakhstan,2020,7.0,15.0,81.0,59.0
Kenya,2004,27.0,103.0,229.0,99.0
Kenya,2010,72.0,129.0,338.0,137.0
Kenya,2016,84.0,222.0,468.0,162.0
Kenya,2017,86.0,232.0,480.0,162.0
Kenya,2018,87.0,234.0,490.0,169.0
Kenya,2019,92.0,248.0,516.0,176.0
Kenya,2020,93.0,277.0,549.0,179.0
Kiribati,2004,1.0,0.0,11.0,10.0
Kiribati,2010,73.0,0.0,90.0,17.0
Kiribati,2016,81.0,0.0,102.0,21.0
Kiribati,2017,81.0,0.0,104.0,23.0
Kiribati,2018,81.0,0.0,104.0,23.0
Kiribati,2019,81.0,0.0,105.0,24.0
Kiribati,2020,81.0,0.0,108.0,27.0
Kuwait,2004,0.0,0.0,20.0,20.0
Kuwait,2010,13.0,0.0,41.0,28.0
Kuwait,2016,13.0,0.0,49.0,36.0
Kuwait,2017,13.0,0.0,49.0,36.0
Kuwait,2018,13.0,0.0,52.0,39.0
Kuwait,2019,13.0,0.0,56.0,43.0
Kuwait,2020,13.0,0.0,57.0,44.0
Kyrgyzstan,2004,3.0,1.0,16.0,12.0
Kyrgyzstan,2010,3.0,14.0,40.0,23.0
Kyrgyzstan,2016,4.0,14.0,44.0,26.0
Kyrgyzstan,2017,4.0,14.0,44.0,26.0
Kyrgyzstan,2018,4.0,13.0,43.0,26.0
Kyrgyzstan,2019,4.0,13.0,43.0,26.0
Kyrgyzstan,2020,4.0,13.0,43.0,26.0
Lao People's Dem. Rep.,2004,0.0,19.0,91.0,72.0
Lao People's Dem. Rep.,2010,3.0,22.0,132.0,107.0
Lao People's Dem. Rep.,2016,21.0,41.0,215.0,153.0
Lao People's Dem. Rep.,2017,21.0,41.0,209.0,147.0
Lao People's Dem. Rep.,2018,21.0,54.0,224.0,149.0
Lao People's Dem. Rep.,2019,21.0,58.0,243.0,164.0
Lao People's Dem. Rep.,2020,21.0,63.0,250.0,166.0
Latvia,2004,8.0,0.0,23.0,15.0
Latvia,2010,9.0,0.0,18.0,9.0
Latvia,2016,12.0,1.0,29.0,16.0
Latvia,2017,12.0,1.0,30.0,17.0
Latvia,2018,12.0,1.0,31.0,18.0
Latvia,2019,12.0,5.0,35.0,18.0
Latvia,2020,12.0,10.0,40.0,18.0
Lebanon,2004,1.0,0.0,26.0,25.0
Lebanon,2010,5.0,1.0,50.0,44.0
Lebanon,2016,16.0,10.0,84.0,58.0
Lebanon,2017,17.0,12.0,87.0,58.0
Lebanon,2018,18.0,24.0,99.0,57.0
Lebanon,2019,18.0,29.0,104.0,57.0
Lebanon,2020,19.0,29.0,109.0,61.0
Lesotho,2004,1.0,1.0,13.0,11.0
Lesotho,2010,2.0,4.0,16.0,10.0
Lesotho,2016,3.0,4.0,18.0,11.0
Lesotho,2017,3.0,4.0,18.0,11.0
Lesotho,2018,3.0,4.0,20.0,13.0
Lesotho,2019,3.0,4.0,20.0,13.0
Lesotho,2020,2.0,4.0,19.0,13.0
Liberia,2004,3.0,46.0,94.0,45.0
Liberia,2010,9.0,47.0,147.0,91.0
Liberia,2016,11.0,52.0,171.0,108.0
Liberia,2017,11.0,52.0,172.0,109.0
Liberia,2018,10.0,53.0,175.0,112.0
Liberia,2019,10.0,83.0,207.0,114.0
Liberia,2020,10.0,86.0,218.0,122.0
Libya,2004,0.0,1.0,25.0,24.0
Libya,2010,0.0,2.0,44.0,42.0
Libya,2016,4.0,3.0,62.0,55.0
Libya,2017,4.0,3.0,63.0,56.0
Libya,2018,4.0,5.0,65.0,56.0
Libya,2019,4.0,8.0,69.0,57.0
Libya,2020,5.0,8.0,75.0,62.0
Liechtenstein,2004,5.0,0.0,8.0,3.0
Liechtenstein,2010,2.0,0.0,2.0,0.0
Liechtenstein,2016,4.0,0.0,6.0,2.0
Liechtenstein,2017,4.0,0.0,6.0,2.0
Liechtenstein,2018,6.0,0.0,8.0,2.0
Liechtenstein,2019,6.0,4.0,12.0,2.0
Liechtenstein,2020,6.0,5.0,13.0,2.0
Lithuania,2004,5.0,0.0,17.0,12.0
Lithuania,2010,5.0,0.0,17.0,12.0
Lithuania,2016,7.0,2.0,26.0,17.0
Lithuania,2017,7.0,2.0,26.0,17.0
Lithuania,2018,8.0,2.0,28.0,18.0
Lithuania,2019,8.0,9.0,35.0,18.0
Lithuania,2020,8.0,15.0,41.0,18.0
Luxembourg,2004,4.0,0.0,10.0,6.0
Luxembourg,2010,4.0,0.0,5.0,1.0
Luxembourg,2016,7.0,0.0,11.0,4.0
Luxembourg,2017,7.0,0.0,11.0,4.0
Luxembourg,2018,7.0,0.0,11.0,4.0
Luxembourg,2019,7.0,5.0,16.0,4.0
Luxembourg,2020,7.0,5.0,16.0,4.0
Madagascar,2004,32.0,276.0,530.0,222.0
Madagascar,2010,100.0,280.0,663.0,283.0
Madagascar,2016,110.0,607.0,1244.0,527.0
Madagascar,2017,172.0,609.0,1324.0,543.0
Madagascar,2018,194.0,871.0,1616.0,551.0
Madagascar,2019,195.0,1624.0,2373.0,554.0
Madagascar,2020,195.0,2159.0,2910.0,556.0
Malawi,2004,11.0,14.0,50.0,25.0
Malawi,2010,17.0,14.0,158.0,127.0
Malawi,2016,16.0,24.0,175.0,135.0
Malawi,2017,16.0,24.0,176.0,136.0
Malawi,2018,14.0,26.0,176.0,136.0
Malawi,2019,14.0,37.0,125.0,74.0
Malawi,2020,14.0,42.0,130.0,74.0
Malaysia,2004,19.0,683.0,892.0,190.0
Malaysia,2010,242.0,692.0,1180.0,246.0
Malaysia,2016,262.0,721.0,1265.0,282.0
Malaysia,2017,264.0,720.0,1272.0,288.0
Malaysia,2018,265.0,712.0,1257.0,280.0
Malaysia,2019,282.0,813.0,1438.0,343.0
Malaysia,2020,314.0,997.0,1662.0,351.0
Maldives,2004,0.0,0.0,12.0,12.0
Maldives,2010,39.0,0.0,59.0,20.0
Maldives,2016,46.0,0.0,75.0,29.0
Maldives,2017,46.0,0.0,75.0,29.0
Maldives,2018,46.0,0.0,75.0,29.0
Maldives,2019,46.0,0.0,79.0,33.0
Maldives,2020,45.0,0.0,80.0,35.0
Mali,2004,0.0,6.0,25.0,19.0
Mali,2010,0.0,6.0,29.0,23.0
Mali,2016,0.0,8.0,42.0,34.0
Mali,2017,0.0,8.0,42.0,34.0
Mali,2018,0.0,11.0,46.0,35.0
Mali,2019,0.0,24.0,61.0,37.0
Mali,2020,0.0,25.0,62.0,37.0
Malta,2004,3.0,0.0,25.0,22.0
Malta,2010,3.0,3.0,26.0,20.0
Malta,2016,5.0,4.0,39.0,30.0
Malta,2017,5.0,4.0,39.0,30.0
Malta,2018,5.0,4.0,39.0,30.0
Malta,2019,5.0,4.0,40.0,31.0
Malta,2020,6.0,5.0,49.0,38.0
Marshall Islands,2004,1.0,0.0,13.0,12.0
Marshall Islands,2010,67.0,0.0,84.0,17.0
Marshall Islands,2016,73.0,0.0,98.0,25.0
Marshall Islands,2017,73.0,0.0,101.0,28.0
Marshall Islands,2018,73.0,0.0,101.0,28.0
Marshall Islands,2019,73.0,0.0,101.0,28.0
Marshall Islands,2020,73.0,0.0,104.0,31.0
Martinique,2004,1.0,8.0,29.0,20.0
Martinique,2010,1.0,8.0,31.0,22.0
Martinique,2016,2.0,9.0,44.0,33.0
Martinique,2017,2.0,9.0,48.0,37.0
Martinique,2018,2.0,9.0,48.0,37.0
Martinique,2019,2.0,9.0,56.0,45.0
Martinique,2020,2.0,9.0,62.0,51.0
Mauritania,2004,1.0,0.0,26.0,25.0
Mauritania,2010,1.0,0.0,58.0,57.0
Mauritania,2016,3.0,0.0,83.0,80.0
Mauritania,2017,3.0,0.0,86.0,83.0
Mauritania,2018,3.0,0.0,88.0,85.0
Mauritania,2019,3.0,0.0,89.0,86.0
Mauritania,2020,3.0,0.0,94.0,91.0
Mauritius,2004,32.0,87.0,147.0,28.0
Mauritius,2010,98.0,88.0,222.0,36.0
Mauritius,2016,118.0,90.0,253.0,45.0
Mauritius,2017,120.0,90.0,257.0,47.0
Mauritius,2018,120.0,91.0,259.0,48.0
Mauritius,2019,121.0,91.0,266.0,54.0
Mauritius,2020,124.0,92.0,272.0,56.0
Mayotte,2004,1.0,0.0,7.0,6.0
Mayotte,2010,60.0,0.0,69.0,9.0
Mayotte,2016,69.0,0.0,87.0,18.0
Mayotte,2017,70.0,0.0,88.0,18.0
Mayotte,2018,70.0,3.0,92.0,19.0
Mayotte,2019,72.0,4.0,98.0,22.0
Mayotte,2020,72.0,4.0,102.0,26.0
Mexico,2004,41.0,261.0,748.0,446.0
Mexico,2010,79.0,255.0,943.0,609.0
Mexico,2016,102.0,402.0,1152.0,648.0
Mexico,2017,106.0,401.0,1162.0,655.0
Mexico,2018,106.0,450.0,1213.0,657.0
Mexico,2019,113.0,529.0,1378.0,736.0
Mexico,2020,114.0,791.0,1656.0,751.0
Micronesia (Fed. States of),2004,4.0,4.0,30.0,22.0
Micronesia (Fed. States of),2010,108.0,5.0,148.0,35.0
Micronesia (Fed. States of),2016,115.0,4.0,167.0,48.0
Micronesia (Fed. States of),2017,114.0,4.0,167.0,49.0
Micronesia (Fed. States of),2018,114.0,4.0,168.0,50.0
Micronesia (Fed. States of),2019,114.0,5.0,168.0,49.0
Micronesia (Fed. States of),2020,116.0,5.0,170.0,49.0
Monaco,2004,0.0,0.0,9.0,9.0
Monaco,2010,0.0,0.0,11.0,11.0
Monaco,2016,3.0,0.0,20.0,17.0
Monaco,2017,3.0,0.0,21.0,18.0
Monaco,2018,3.0,1.0,22.0,18.0
Monaco,2019,3.0,2.0,24.0,19.0
Monaco,2020,4.0,2.0,34.0,28.0
Mongolia,2004,3.0,0.0,39.0,36.0
Mongolia,2010,3.0,0.0,36.0,33.0
Mongolia,2016,3.0,0.0,40.0,37.0
Mongolia,2017,3.0,0.0,41.0,38.0
Mongolia,2018,3.0,0.0,40.0,37.0
Mongolia,2019,3.0,2.0,42.0,37.0
Mongolia,2020,3.0,3.0,43.0,37.0
Montenegro,2010,28.0,0.0,72.0,44.0
Montenegro,2016,35.0,2.0,94.0,57.0
Montenegro,2017,39.0,2.0,98.0,57.0
Montenegro,2018,42.0,3.0,101.0,56.0
Montenegro,2019,42.0,7.0,104.0,55.0
Montenegro,2020,43.0,10.0,113.0,60.0
Montserrat,2004,0.0,3.0,21.0,18.0
Montserrat,2010,11.0,3.0,35.0,21.0
Montserrat,2016,11.0,6.0,53.0,36.0
Montserrat,2017,11.0,6.0,55.0,38.0
Montserrat,2018,11.0,6.0,56.0,39.0
Montserrat,2019,11.0,6.0,59.0,42.0
Montserrat,2020,11.0,7.0,62.0,44.0
Morocco,2004,8.0,2.0,50.0,40.0
Morocco,2010,40.0,31.0,157.0,86.0
Morocco,2016,60.0,38.0,199.0,101.0
Morocco,2017,66.0,38.0,207.0,103.0
Morocco,2018,69.0,49.0,223.0,105.0
Morocco,2019,69.0,55.0,227.0,103.0
Morocco,2020,71.0,61.0,238.0,106.0
Mozambique,2004,5.0,46.0,115.0,64.0
Mozambique,2010,59.0,52.0,209.0,98.0
Mozambique,2016,67.0,84.0,278.0,127.0
Mozambique,2017,67.0,113.0,309.0,129.0
Mozambique,2018,67.0,122.0,321.0,132.0
Mozambique,2019,65.0,170.0,377.0,142.0
Mozambique,2020,65.0,208.0,426.0,153.0
Myanmar,2004,2.0,38.0,147.0,107.0
Myanmar,2010,64.0,42.0,249.0,143.0
Myanmar,2016,77.0,61.0,316.0,178.0
Myanmar,2017,77.0,61.0,321.0,183.0
Myanmar,2018,77.0,61.0,325.0,187.0
Myanmar,2019,77.0,63.0,337.0,197.0
Myanmar,2020,77.0,80.0,357.0,200.0
Namibia,2004,1.0,24.0,69.0,44.0
Namibia,2010,0.0,26.0,92.0,66.0
Namibia,2016,4.0,28.0,113.0,81.0
Namibia,2017,4.0,27.0,115.0,84.0
Namibia,2018,4.0,27.0,116.0,85.0
Namibia,2019,4.0,27.0,115.0,84.0
Namibia,2020,4.0,28.0,117.0,85.0
Nauru,2004,0.0,0.0,5.0,5.0
Nauru,2010,62.0,0.0,74.0,12.0
Nauru,2016,68.0,0.0,82.0,14.0
Nauru,2017,68.0,0.0,82.0,14.0
Nauru,2018,68.0,0.0,82.0,14.0
Nauru,2019,68.0,0.0,83.0,15.0
Nauru,2020,68.0,0.0,86.0,18.0
Nepal,2004,1.0,7.0,77.0,69.0
Nepal,2010,3.0,7.0,93.0,83.0
Nepal,2016,3.0,17.0,107.0,87.0
Nepal,2017,3.0,17.0,104.0,84.0
Nepal,2018,3.0,17.0,104.0,84.0
Nepal,2019,3.0,19.0,107.0,85.0
Nepal,2020,3.0,20.0,109.0,86.0
Netherlands,2004,7.0,0.0,34.0,27.0
Netherlands,2010,6.0,0.0,24.0,18.0
Netherlands,2016,10.0,3.0,39.0,26.0
Netherlands,2017,10.0,3.0,40.0,27.0
Netherlands,2018,11.0,4.0,43.0,28.0
Netherlands,2019,11.0,19.0,59.0,29.0
Netherlands,2020,11.0,29.0,71.0,31.0
Netherlands Antilles [former],2004,0.0,2.0,28.0,26.0
Netherlands Antilles [former],2010,11.0,3.0,38.0,24.0
New Caledonia,2004,11.0,217.0,262.0,34.0
New Caledonia,2010,97.0,257.0,415.0,61.0
New Caledonia,2016,125.0,286.0,525.0,114.0
New Caledonia,2017,125.0,285.0,526.0,116.0
New Caledonia,2018,125.0,350.0,592.0,117.0
New Caledonia,2019,125.0,350.0,593.0,118.0
New Caledonia,2020,129.0,510.0,759.0,120.0
New Zealand,2004,14.0,21.0,149.0,114.0
New Zealand,2010,15.0,21.0,153.0,117.0
New Zealand,2016,46.0,23.0,197.0,128.0
New Zealand,2017,46.0,23.0,199.0,130.0
New Zealand,2018,61.0,24.0,216.0,131.0
New Zealand,2019,61.0,24.0,247.0,162.0
New Zealand,2020,61.0,34.0,261.0,166.0
Nicaragua,2004,2.0,39.0,90.0,49.0
Nicaragua,2010,17.0,43.0,121.0,61.0
Nicaragua,2016,20.0,46.0,144.0,78.0
Nicaragua,2017,20.0,46.0,144.0,78.0
Nicaragua,2018,20.0,50.0,149.0,79.0
Nicaragua,2019,20.0,49.0,153.0,84.0
Nicaragua,2020,20.0,52.0,161.0,89.0
Niger,2004,1.0,2.0,15.0,12.0
Niger,2010,2.0,2.0,26.0,22.0
Niger,2016,1.0,3.0,33.0,29.0
Niger,2017,1.0,3.0,34.0,30.0
Niger,2018,1.0,3.0,36.0,32.0
Niger,2019,1.0,4.0,37.0,32.0
Niger,2020,1.0,4.0,37.0,32.0
Nigeria,2004,1.0,170.0,232.0,61.0
Nigeria,2010,12.0,172.0,297.0,113.0
Nigeria,2016,17.0,197.0,359.0,145.0
Nigeria,2017,17.0,196.0,361.0,148.0
Nigeria,2018,13.0,203.0,364.0,148.0
Nigeria,2019,13.0,208.0,372.0,151.0
Nigeria,2020,13.0,211.0,380.0,156.0
Niue,2004,0.0,0.0,12.0,12.0
Niue,2010,23.0,0.0,43.0,20.0
Niue,2016,30.0,0.0,52.0,22.0
Niue,2017,30.0,0.0,52.0,22.0
Niue,2018,30.0,0.0,52.0,22.0
Niue,2019,30.0,0.0,53.0,23.0
Niue,2020,30.0,1.0,56.0,25.0
Norfolk Island,2004,12.0,1.0,34.0,21.0
Norfolk Island,2010,21.0,1.0,41.0,19.0
Norfolk Island,2016,23.0,1.0,42.0,18.0
Norfolk Island,2017,23.0,2.0,44.0,19.0
Norfolk Island,2018,23.0,2.0,44.0,19.0
Norfolk Island,2019,23.0,2.0,46.0,21.0
Norfolk Island,2020,23.0,2.0,50.0,25.0
North Macedonia,2004,5.0,0.0,29.0,24.0
North Macedonia,2010,59.0,0.0,90.0,31.0
North Macedonia,2016,70.0,0.0,104.0,34.0
North Macedonia,2017,75.0,0.0,110.0,35.0
North Macedonia,2018,86.0,5.0,125.0,34.0
North Macedonia,2019,86.0,7.0,127.0,34.0
North Macedonia,2020,86.0,13.0,133.0,34.0
Northern Mariana Islands,2004,2.0,4.0,28.0,22.0
Northern Mariana Islands,2010,51.0,5.0,85.0,29.0
Northern Mariana Islands,2016,57.0,5.0,101.0,39.0
Northern Mariana Islands,2017,57.0,5.0,102.0,40.0
Northern Mariana Islands,2018,,5.0,102.0,40.0
Northern Mariana Islands,2019,57.0,6.0,102.0,39.0
Northern Mariana Islands,2020,57.0,6.0,105.0,42.0
Norway,2004,9.0,2.0,33.0,22.0
Norway,2010,7.0,2.0,36.0,27.0
Norway,2016,10.0,14.0,62.0,38.0
Norway,2017,10.0,14.0,64.0,40.0
Norway,2018,10.0,21.0,73.0,42.0
Norway,2019,10.0,51.0,104.0,43.0
Norway,2020,10.0,61.0,115.0,44.0
Oman,2004,1.0,6.0,55.0,48.0
Oman,2010,26.0,6.0,79.0,47.0
Oman,2016,31.0,6.0,99.0,62.0
Oman,2017,31.0,6.0,99.0,62.0
Oman,2018,31.0,6.0,105.0,68.0
Oman,2019,31.0,6.0,108.0,71.0
Oman,2020,31.0,6.0,112.0,75.0
Other non-specified areas,2004,0.0,78.0,157.0,79.0
Other non-specified areas,2010,122.0,78.0,304.0,104.0
Other non-specified areas,2016,128.0,85.0,336.0,123.0
Other non-specified areas,2017,128.0,86.0,337.0,123.0
Other non-specified areas,2018,128.0,85.0,342.0,129.0
Other non-specified areas,2019,129.0,87.0,350.0,134.0
Other non-specified areas,2020,129.0,89.0,362.0,144.0
Pakistan,2004,0.0,2.0,72.0,70.0
Pakistan,2010,15.0,2.0,109.0,92.0
Pakistan,2016,18.0,12.0,140.0,110.0
Pakistan,2017,18.0,12.0,140.0,110.0
Pakistan,2018,18.0,12.0,145.0,115.0
Pakistan,2019,18.0,12.0,148.0,118.0
Pakistan,2020,18.0,13.0,155.0,124.0
Palau,2004,5.0,3.0,21.0,13.0
Palau,2010,102.0,4.0,128.0,22.0
Palau,2016,146.0,4.0,181.0,31.0
Palau,2017,146.0,4.0,182.0,32.0
Palau,2018,146.0,4.0,184.0,34.0
Palau,2019,146.0,5.0,186.0,35.0
Palau,2020,148.0,5.0,189.0,36.0
Panama,2004,2.0,195.0,310.0,113.0
Panama,2010,20.0,202.0,347.0,125.0
Panama,2016,22.0,208.0,381.0,151.0
Panama,2017,22.0,208.0,383.0,153.0
Panama,2018,22.0,211.0,387.0,154.0
Panama,2019,22.0,211.0,394.0,161.0
Panama,2020,22.0,208.0,400.0,170.0
Papua New Guinea,2004,12.0,142.0,295.0,141.0
Papua New Guinea,2010,171.0,143.0,453.0,139.0
Papua New Guinea,2016,181.0,152.0,488.0,155.0
Papua New Guinea,2017,181.0,152.0,493.0,160.0
Papua New Guinea,2018,180.0,158.0,499.0,161.0
Papua New Guinea,2019,178.0,186.0,530.0,166.0
Papua New Guinea,2020,183.0,229.0,585.0,173.0
Paraguay,2004,0.0,10.0,50.0,40.0
Paraguay,2010,0.0,10.0,48.0,38.0
Paraguay,2016,0.0,19.0,59.0,40.0
Paraguay,2017,0.0,19.0,59.0,40.0
Paraguay,2018,0.0,19.0,62.0,43.0
Paraguay,2019,0.0,20.0,64.0,44.0
Paraguay,2020,1.0,20.0,67.0,46.0
Peru,2004,2.0,274.0,508.0,232.0
Peru,2010,3.0,274.0,551.0,274.0
Peru,2016,8.0,334.0,693.0,351.0
Peru,2017,8.0,326.0,685.0,351.0
Peru,2018,8.0,328.0,713.0,377.0
Peru,2019,9.0,351.0,744.0,384.0
Peru,2020,9.0,414.0,819.0,396.0
Philippines,2004,19.0,212.0,456.0,225.0
Philippines,2010,213.0,222.0,697.0,262.0
Philippines,2016,237.0,239.0,778.0,302.0
Philippines,2017,238.0,239.0,783.0,306.0
Philippines,2018,238.0,245.0,785.0,302.0
Philippines,2019,240.0,259.0,783.0,284.0
Philippines,2020,323.0,268.0,884.0,293.0
Pitcairn,2004,5.0,7.0,27.0,15.0
Pitcairn,2010,15.0,7.0,42.0,20.0
Pitcairn,2016,16.0,7.0,44.0,21.0
Pitcairn,2017,16.0,7.0,44.0,21.0
Pitcairn,2018,16.0,7.0,44.0,21.0
Pitcairn,2019,16.0,7.0,42.0,19.0
Pitcairn,2020,16.0,7.0,44.0,21.0
Poland,2004,15.0,4.0,46.0,27.0
Poland,2010,16.0,4.0,37.0,17.0
Poland,2016,22.0,13.0,58.0,23.0
Poland,2017,22.0,13.0,58.0,23.0
Poland,2018,28.0,14.0,66.0,24.0
Poland,2019,28.0,32.0,83.0,23.0
Poland,2020,28.0,44.0,95.0,23.0
Portugal,2004,82.0,15.0,148.0,51.0
Portugal,2010,79.0,21.0,171.0,71.0
Portugal,2016,97.0,83.0,272.0,92.0
Portugal,2017,103.0,84.0,281.0,94.0
Portugal,2018,197.0,104.0,399.0,98.0
Portugal,2019,205.0,150.0,456.0,101.0
Portugal,2020,205.0,154.0,465.0,106.0
Puerto Rico,2004,1.0,52.0,97.0,44.0
Puerto Rico,2010,1.0,53.0,103.0,49.0
Puerto Rico,2016,0.0,57.0,126.0,69.0
Puerto Rico,2017,0.0,57.0,126.0,69.0
Puerto Rico,2018,0.0,63.0,135.0,72.0
Puerto Rico,2019,0.0,65.0,141.0,76.0
Puerto Rico,2020,0.0,67.0,146.0,79.0
Qatar,2004,0.0,0.0,12.0,12.0
Qatar,2010,13.0,0.0,32.0,19.0
Qatar,2016,13.0,0.0,39.0,26.0
Qatar,2017,13.0,0.0,39.0,26.0
Qatar,2018,13.0,0.0,45.0,32.0
Qatar,2019,13.0,0.0,50.0,37.0
Qatar,2020,13.0,0.0,50.0,37.0
Republic of Korea,2004,1.0,0.0,55.0,54.0
Republic of Korea,2010,3.0,3.0,64.0,58.0
Republic of Korea,2016,5.0,32.0,109.0,72.0
Republic of Korea,2017,5.0,32.0,111.0,74.0
Republic of Korea,2018,8.0,32.0,118.0,78.0
Republic of Korea,2019,8.0,35.0,125.0,82.0
Republic of Korea,2020,8.0,38.0,136.0,90.0
Republic of Moldova,2004,5.0,0.0,27.0,22.0
Republic of Moldova,2010,3.0,0.0,27.0,24.0
Republic of Moldova,2016,5.0,2.0,33.0,26.0
Republic of Moldova,2017,6.0,2.0,35.0,27.0
Republic of Moldova,2018,6.0,2.0,34.0,26.0
Republic of Moldova,2019,6.0,2.0,33.0,25.0
Republic of Moldova,2020,6.0,2.0,33.0,25.0
Romania,2004,22.0,1.0,63.0,40.0
Romania,2010,24.0,1.0,64.0,39.0
Romania,2016,38.0,5.0,92.0,49.0
Romania,2017,49.0,5.0,104.0,50.0
Romania,2018,68.0,7.0,125.0,50.0
Romania,2019,67.0,20.0,138.0,51.0
Romania,2020,67.0,22.0,140.0,51.0
Russian Federation,2004,30.0,7.0,151.0,114.0
Russian Federation,2010,25.0,8.0,126.0,93.0
Russian Federation,2016,36.0,60.0,230.0,134.0
Russian Federation,2017,39.0,60.0,235.0,136.0
Russian Federation,2018,39.0,60.0,238.0,139.0
Russian Federation,2019,38.0,90.0,267.0,139.0
Russian Federation,2020,38.0,100.0,279.0,141.0
Rwanda,2004,4.0,3.0,37.0,30.0
Rwanda,2010,2.0,4.0,55.0,49.0
Rwanda,2016,2.0,8.0,61.0,51.0
Rwanda,2017,4.0,8.0,62.0,50.0
Rwanda,2018,4.0,41.0,97.0,52.0
Rwanda,2019,4.0,71.0,127.0,52.0
Rwanda,2020,4.0,112.0,168.0,52.0
Réunion,2004,16.0,14.0,48.0,18.0
Réunion,2010,73.0,15.0,104.0,16.0
Réunion,2016,87.0,17.0,128.0,24.0
Réunion,2017,89.0,17.0,130.0,24.0
Réunion,2018,89.0,18.0,131.0,24.0
Réunion,2019,89.0,19.0,137.0,29.0
Réunion,2020,89.0,21.0,145.0,35.0
Saint Barthélemy,2010,11.0,2.0,17.0,4.0
Saint Barthélemy,2016,11.0,2.0,31.0,18.0
Saint Barthélemy,2017,11.0,2.0,31.0,18.0
Saint Barthélemy,2018,11.0,2.0,32.0,19.0
Saint Barthélemy,2019,11.0,2.0,41.0,28.0
Saint Barthélemy,2020,11.0,2.0,44.0,31.0
Saint Helena,2004,2.0,26.0,60.0,32.0
Saint Helena,2010,2.0,27.0,60.0,31.0
Saint Helena,2016,15.0,44.0,98.0,39.0
Saint Helena,2017,15.0,44.0,100.0,41.0
Saint Helena,2018,33.0,44.0,118.0,41.0
Saint Helena,2019,68.0,45.0,155.0,42.0
Saint Helena,2020,83.0,45.0,173.0,45.0
Saint Kitts and Nevis,2004,0.0,2.0,19.0,17.0
Saint Kitts and Nevis,2010,10.0,2.0,36.0,24.0
Saint Kitts and Nevis,2016,10.0,2.0,51.0,39.0
Saint Kitts and Nevis,2017,10.0,2.0,52.0,40.0
Saint Kitts and Nevis,2018,10.0,2.0,52.0,40.0
Saint Kitts and Nevis,2019,10.0,2.0,55.0,43.0
Saint Kitts and Nevis,2020,10.0,2.0,57.0,45.0
Saint Lucia,2004,0.0,6.0,29.0,23.0
Saint Lucia,2010,11.0,6.0,46.0,29.0
Saint Lucia,2016,11.0,6.0,60.0,43.0
Saint Lucia,2017,11.0,6.0,62.0,45.0
Saint Lucia,2018,11.0,6.0,62.0,45.0
Saint Lucia,2019,11.0,8.0,67.0,48.0
Saint Lucia,2020,11.0,8.0,69.0,50.0
Saint Martin (French part),2010,11.0,2.0,17.0,4.0
Saint Martin (French part),2016,10.0,3.0,50.0,37.0
Saint Martin (French part),2017,10.0,3.0,52.0,39.0
Saint Martin (French part),2018,10.0,3.0,53.0,40.0
Saint Martin (French part),2019,10.0,3.0,56.0,43.0
Saint Martin (French part),2020,10.0,3.0,59.0,46.0
Saint Pierre and Miquelon,2004,0.0,0.0,2.0,2.0
Saint Pierre and Miquelon,2010,0.0,0.0,4.0,4.0
Saint Pierre and Miquelon,2016,0.0,0.0,11.0,11.0
Saint Pierre and Miquelon,2017,0.0,0.0,12.0,12.0
Saint Pierre and Miquelon,2018,0.0,0.0,14.0,14.0
Saint Pierre and Miquelon,2019,0.0,0.0,16.0,16.0
Saint Pierre and Miquelon,2020,0.0,0.0,19.0,19.0
Saint Vincent & Grenadines,2004,0.0,4.0,24.0,20.0
Saint Vincent & Grenadines,2010,10.0,4.0,38.0,24.0
Saint Vincent & Grenadines,2016,10.0,5.0,56.0,41.0
Saint Vincent & Grenadines,2017,10.0,5.0,58.0,43.0
Saint Vincent & Grenadines,2018,10.0,5.0,59.0,44.0
Saint Vincent & Grenadines,2019,10.0,6.0,61.0,45.0
Saint Vincent & Grenadines,2020,10.0,5.0,65.0,50.0
Samoa,2004,1.0,2.0,18.0,15.0
Samoa,2010,53.0,2.0,78.0,23.0
Samoa,2016,62.0,2.0,93.0,29.0
Samoa,2017,62.0,2.0,93.0,29.0
Samoa,2018,62.0,2.0,93.0,29.0
Samoa,2019,63.0,2.0,95.0,30.0
Samoa,2020,64.0,3.0,100.0,33.0
San Marino,2010,0.0,0.0,0.0,0.0
San Marino,2016,1.0,0.0,1.0,0.0
San Marino,2017,1.0,0.0,1.0,0.0
San Marino,2018,1.0,0.0,1.0,0.0
San Marino,2019,1.0,0.0,1.0,0.0
San Marino,2020,1.0,0.0,2.0,1.0
Sao Tome and Principe,2004,2.0,35.0,61.0,24.0
Sao Tome and Principe,2010,2.0,35.0,70.0,33.0
Sao Tome and Principe,2016,5.0,38.0,94.0,51.0
Sao Tome and Principe,2017,5.0,37.0,94.0,52.0
Sao Tome and Principe,2018,4.0,49.0,104.0,51.0
Sao Tome and Principe,2019,4.0,49.0,104.0,51.0
Sao Tome and Principe,2020,4.0,49.0,108.0,55.0
Saudi Arabia,2004,1.0,3.0,41.0,37.0
Saudi Arabia,2010,53.0,3.0,103.0,47.0
Saudi Arabia,2016,59.0,3.0,128.0,66.0
Saudi Arabia,2017,59.0,4.0,131.0,68.0
Saudi Arabia,2018,59.0,4.0,132.0,69.0
Saudi Arabia,2019,60.0,4.0,141.0,77.0
Saudi Arabia,2020,60.0,4.0,144.0,80.0
Senegal,2004,0.0,7.0,47.0,40.0
Senegal,2010,1.0,9.0,82.0,72.0
Senegal,2016,13.0,12.0,120.0,95.0
Senegal,2017,13.0,12.0,123.0,98.0
Senegal,2018,13.0,13.0,127.0,101.0
Senegal,2019,13.0,20.0,139.0,106.0
Senegal,2020,13.0,23.0,145.0,109.0
Serbia,2010,16.0,1.0,46.0,29.0
Serbia,2016,24.0,6.0,65.0,35.0
Serbia,2017,30.0,6.0,71.0,35.0
Serbia,2018,35.0,7.0,77.0,35.0
Serbia,2019,35.0,14.0,84.0,35.0
Serbia,2020,35.0,16.0,86.0,35.0
Serbia and Monten. [former],2004,19.0,1.0,62.0,42.0
Seychelles,2004,4.0,45.0,84.0,35.0
Seychelles,2010,100.0,45.0,190.0,45.0
Seychelles,2016,319.0,62.0,436.0,55.0
Seychelles,2017,320.0,62.0,439.0,57.0
Seychelles,2018,320.0,61.0,439.0,58.0
Seychelles,2019,321.0,61.0,446.0,64.0
Seychelles,2020,321.0,62.0,451.0,68.0
Sierra Leone,2004,4.0,47.0,86.0,35.0
Sierra Leone,2010,6.0,48.0,131.0,77.0
Sierra Leone,2016,8.0,65.0,176.0,103.0
Sierra Leone,2017,8.0,66.0,177.0,103.0
Sierra Leone,2018,8.0,71.0,184.0,105.0
Sierra Leone,2019,8.0,111.0,229.0,110.0
Sierra Leone,2020,8.0,117.0,236.0,111.0
Singapore,2004,1.0,54.0,85.0,30.0
Singapore,2010,162.0,57.0,277.0,58.0
Singapore,2016,173.0,58.0,294.0,63.0
Singapore,2017,173.0,57.0,293.0,63.0
Singapore,2018,173.0,60.0,300.0,67.0
Singapore,2019,173.0,62.0,312.0,77.0
Singapore,2020,177.0,66.0,326.0,83.0
Sint Maarten (Dutch part),2016,10.0,2.0,49.0,37.0
Sint Maarten (Dutch part),2017,10.0,2.0,51.0,39.0
Sint Maarten (Dutch part),2018,10.0,3.0,53.0,40.0
Sint Maarten (Dutch part),2019,10.0,2.0,55.0,43.0
Sint Maarten (Dutch part),2020,10.0,2.0,58.0,46.0
Slovakia,2004,19.0,2.0,48.0,27.0
Slovakia,2010,17.0,2.0,34.0,15.0
Slovakia,2016,22.0,10.0,51.0,19.0
Slovakia,2017,24.0,10.0,54.0,20.0
Slovakia,2018,32.0,28.0,81.0,21.0
Slovakia,2019,32.0,54.0,107.0,21.0
Slovakia,2020,32.0,63.0,116.0,21.0
Slovenia,2004,42.0,0.0,74.0,32.0
Slovenia,2010,59.0,0.0,95.0,36.0
Slovenia,2016,77.0,11.0,138.0,50.0
Slovenia,2017,81.0,11.0,143.0,51.0
Slovenia,2018,83.0,11.0,147.0,53.0
Slovenia,2019,83.0,26.0,162.0,53.0
Slovenia,2020,84.0,33.0,175.0,58.0
Solomon Islands,2004,6.0,16.0,74.0,52.0
Solomon Islands,2010,141.0,16.0,220.0,63.0
Solomon Islands,2016,151.0,17.0,243.0,75.0
Solomon Islands,2017,151.0,17.0,245.0,77.0
Solomon Islands,2018,151.0,16.0,242.0,75.0
Solomon Islands,2019,150.0,16.0,243.0,77.0
Solomon Islands,2020,150.0,24.0,256.0,82.0
Somalia,2004,1.0,17.0,64.0,46.0
Somalia,2010,51.0,21.0,128.0,56.0
Somalia,2016,62.0,43.0,171.0,66.0
Somalia,2017,62.0,46.0,175.0,67.0
Somalia,2018,62.0,46.0,179.0,71.0
Somalia,2019,62.0,49.0,187.0,76.0
Somalia,2020,62.0,53.0,199.0,84.0
South Africa,2004,127.0,75.0,357.0,155.0
South Africa,2010,159.0,97.0,441.0,185.0
South Africa,2016,202.0,116.0,537.0,219.0
South Africa,2017,202.0,146.0,581.0,233.0
South Africa,2018,208.0,151.0,607.0,248.0
South Africa,2019,208.0,153.0,603.0,242.0
South Africa,2020,196.0,154.0,597.0,247.0
South Georgia & Sandwich Is.,2004,0.0,0.0,12.0,12.0
South Georgia & Sandwich Is.,2010,0.0,0.0,10.0,10.0
South Georgia & Sandwich Is.,2016,0.0,0.0,9.0,9.0
South Georgia & Sandwich Is.,2017,0.0,0.0,9.0,9.0
South Georgia & Sandwich Is.,2018,0.0,0.0,9.0,9.0
South Georgia & Sandwich Is.,2019,0.0,0.0,9.0,9.0
South Georgia & Sandwich Is.,2020,0.0,0.0,9.0,9.0
South Sudan,2016,0.0,15.0,45.0,30.0
South Sudan,2017,0.0,15.0,49.0,34.0
South Sudan,2018,1.0,16.0,53.0,36.0
South Sudan,2019,1.0,17.0,57.0,39.0
South Sudan,2020,1.0,18.0,61.0,42.0
Spain,2004,63.0,14.0,153.0,76.0
Spain,2010,67.0,55.0,240.0,118.0
Spain,2016,236.0,221.0,592.0,135.0
Spain,2017,258.0,221.0,617.0,138.0
Spain,2018,288.0,251.0,681.0,142.0
Spain,2019,288.0,306.0,736.0,142.0
Spain,2020,290.0,319.0,752.0,143.0
Sri Lanka,2004,2.0,280.0,394.0,112.0
Sri Lanka,2010,120.0,283.0,552.0,149.0
Sri Lanka,2016,130.0,291.0,588.0,167.0
Sri Lanka,2017,130.0,290.0,587.0,167.0
Sri Lanka,2018,130.0,294.0,596.0,172.0
Sri Lanka,2019,129.0,298.0,602.0,175.0
Sri Lanka,2020,130.0,298.0,641.0,213.0
State of Palestine,2004,0.0,0.0,4.0,4.0
State of Palestine,2010,2.0,0.0,18.0,16.0
State of Palestine,2016,4.0,3.0,30.0,23.0
State of Palestine,2017,4.0,3.0,31.0,24.0
State of Palestine,2018,4.0,6.0,36.0,26.0
State of Palestine,2019,4.0,10.0,39.0,25.0
State of Palestine,2020,4.0,10.0,39.0,25.0
Sudan,2004,2.0,17.0,55.0,36.0
Sudan,2010,45.0,18.0,112.0,49.0
Sudan,2016,50.0,16.0,129.0,63.0
Sudan,2017,50.0,16.0,133.0,67.0
Sudan,2018,50.0,17.0,140.0,73.0
Sudan,2019,50.0,19.0,151.0,82.0
Sudan,2020,50.0,19.0,158.0,89.0
Suriname,2004,0.0,27.0,59.0,32.0
Suriname,2010,1.0,26.0,65.0,38.0
Suriname,2016,1.0,27.0,83.0,55.0
Suriname,2017,1.0,27.0,83.0,55.0
Suriname,2018,1.0,27.0,85.0,57.0
Suriname,2019,1.0,28.0,86.0,57.0
Suriname,2020,1.0,29.0,88.0,58.0
Svalbard and Jan Mayen Is.,2004,0.0,0.0,9.0,9.0
Svalbard and Jan Mayen Is.,2010,0.0,0.0,3.0,3.0
Svalbard and Jan Mayen Is.,2016,0.0,0.0,7.0,7.0
Svalbard and Jan Mayen Is.,2017,0.0,0.0,7.0,7.0
Svalbard and Jan Mayen Is.,2018,0.0,0.0,9.0,9.0
Svalbard and Jan Mayen Is.,2019,0.0,1.0,11.0,10.0
Svalbard and Jan Mayen Is.,2020,0.0,1.0,11.0,10.0
Sweden,2004,13.0,3.0,36.0,20.0
Sweden,2010,11.0,3.0,29.0,15.0
Sweden,2016,15.0,14.0,53.0,24.0
Sweden,2017,15.0,14.0,54.0,25.0
Sweden,2018,16.0,15.0,58.0,27.0
Sweden,2019,16.0,41.0,85.0,28.0
Sweden,2020,16.0,53.0,98.0,29.0
Switzerland,2004,30.0,2.0,49.0,17.0
Switzerland,2010,28.0,3.0,45.0,14.0
Switzerland,2016,43.0,10.0,71.0,18.0
Switzerland,2017,44.0,10.0,74.0,20.0
Switzerland,2018,47.0,10.0,79.0,22.0
Switzerland,2019,47.0,43.0,112.0,22.0
Switzerland,2020,47.0,59.0,128.0,22.0
Syrian Arab Republic,2004,3.0,0.0,29.0,26.0
Syrian Arab Republic,2010,7.0,3.0,78.0,68.0
Syrian Arab Republic,2016,20.0,13.0,127.0,94.0
Syrian Arab Republic,2017,20.0,18.0,132.0,94.0
Syrian Arab Republic,2018,22.0,26.0,139.0,91.0
Syrian Arab Republic,2019,22.0,31.0,144.0,91.0
Syrian Arab Republic,2020,23.0,32.0,147.0,92.0
Tajikistan,2004,2.0,2.0,24.0,20.0
Tajikistan,2010,2.0,14.0,40.0,24.0
Tajikistan,2016,3.0,12.0,44.0,29.0
Tajikistan,2017,3.0,12.0,45.0,30.0
Tajikistan,2018,3.0,12.0,47.0,32.0
Tajikistan,2019,3.0,13.0,48.0,32.0
Tajikistan,2020,3.0,13.0,48.0,32.0
Thailand,2004,1.0,84.0,221.0,136.0
Thailand,2010,185.0,91.0,477.0,201.0
Thailand,2016,211.0,150.0,606.0,245.0
Thailand,2017,211.0,152.0,611.0,248.0
Thailand,2018,211.0,155.0,621.0,255.0
Thailand,2019,212.0,168.0,655.0,275.0
Thailand,2020,213.0,182.0,674.0,279.0
Timor-Leste,2004,0.0,0.0,11.0,11.0
Timor-Leste,2010,0.0,0.0,18.0,18.0
Timor-Leste,2016,1.0,1.0,22.0,20.0
Timor-Leste,2017,1.0,1.0,24.0,22.0
Timor-Leste,2018,1.0,1.0,26.0,24.0
Timor-Leste,2019,1.0,3.0,35.0,31.0
Timor-Leste,2020,1.0,5.0,41.0,35.0
Togo,2004,0.0,10.0,32.0,22.0
Togo,2010,1.0,10.0,54.0,43.0
Togo,2016,3.0,12.0,78.0,63.0
Togo,2017,3.0,12.0,80.0,65.0
Togo,2018,3.0,12.0,85.0,70.0
Togo,2019,3.0,13.0,90.0,74.0
Togo,2020,3.0,13.0,94.0,78.0
Tokelau,2004,0.0,0.0,6.0,6.0
Tokelau,2010,31.0,0.0,41.0,10.0
Tokelau,2016,35.0,0.0,49.0,14.0
Tokelau,2017,35.0,0.0,49.0,14.0
Tokelau,2018,35.0,0.0,49.0,14.0
Tokelau,2019,35.0,0.0,51.0,16.0
Tokelau,2020,35.0,0.0,54.0,19.0
Tonga,2004,2.0,3.0,16.0,11.0
Tonga,2010,35.0,4.0,58.0,19.0
Tonga,2016,47.0,4.0,77.0,26.0
Tonga,2017,47.0,4.0,79.0,28.0
Tonga,2018,47.0,5.0,80.0,28.0
Tonga,2019,47.0,5.0,80.0,28.0
Tonga,2020,51.0,7.0,90.0,32.0
Trinidad and Tobago,2004,0.0,1.0,33.0,32.0
Trinidad and Tobago,2010,10.0,1.0,48.0,37.0
Trinidad and Tobago,2016,10.0,2.0,68.0,56.0
Trinidad and Tobago,2017,10.0,2.0,69.0,57.0
Trinidad and Tobago,2018,10.0,50.0,118.0,58.0
Trinidad and Tobago,2019,10.0,51.0,121.0,60.0
Trinidad and Tobago,2020,10.0,50.0,126.0,66.0
Tristan da Cunha,2019,69.0,45.0,156.0,42.0
Tunisia,2004,5.0,0.0,36.0,31.0
Tunisia,2010,11.0,7.0,75.0,57.0
Tunisia,2016,17.0,7.0,94.0,70.0
Tunisia,2017,19.0,7.0,96.0,70.0
Tunisia,2018,20.0,10.0,101.0,71.0
Tunisia,2019,20.0,10.0,101.0,71.0
Tunisia,2020,21.0,12.0,107.0,74.0
Turkey,2004,13.0,3.0,92.0,76.0
Turkey,2010,15.0,5.0,150.0,130.0
Turkey,2016,78.0,105.0,382.0,199.0
Turkey,2017,82.0,107.0,388.0,199.0
Turkey,2018,85.0,114.0,400.0,201.0
Turkey,2019,86.0,132.0,426.0,208.0
Turkey,2020,88.0,138.0,435.0,209.0
Turkmenistan,2004,5.0,0.0,40.0,35.0
Turkmenistan,2010,5.0,3.0,45.0,37.0
Turkmenistan,2016,7.0,4.0,53.0,42.0
Turkmenistan,2017,7.0,4.0,54.0,43.0
Turkmenistan,2018,7.0,4.0,57.0,46.0
Turkmenistan,2019,7.0,4.0,59.0,48.0
Turkmenistan,2020,7.0,4.0,59.0,48.0
Turks and Caicos Islands,2004,0.0,2.0,20.0,18.0
Turks and Caicos Islands,2010,10.0,2.0,34.0,22.0
Turks and Caicos Islands,2016,10.0,9.0,56.0,37.0
Turks and Caicos Islands,2017,10.0,9.0,60.0,41.0
Turks and Caicos Islands,2018,10.0,9.0,61.0,42.0
Turks and Caicos Islands,2019,10.0,9.0,63.0,44.0
Turks and Caicos Islands,2020,10.0,8.0,65.0,47.0
Tuvalu,2004,1.0,0.0,8.0,7.0
Tuvalu,2010,71.0,0.0,85.0,14.0
Tuvalu,2016,78.0,0.0,95.0,17.0
Tuvalu,2017,78.0,0.0,96.0,18.0
Tuvalu,2018,78.0,0.0,96.0,18.0
Tuvalu,2019,78.0,0.0,98.0,20.0
Tuvalu,2020,78.0,0.0,99.0,21.0
U.S. Minor Outlying islands,2004,0.0,0.0,15.0,15.0
U.S. Minor Outlying islands,2010,44.0,0.0,67.0,23.0
U.S. Minor Outlying islands,2016,47.0,0.0,72.0,25.0
U.S. Minor Outlying islands,2017,47.0,0.0,73.0,26.0
U.S. Minor Outlying islands,2018,47.0,0.0,73.0,26.0
U.S. Minor Outlying islands,2019,47.0,0.0,71.0,24.0
U.S. Minor Outlying islands,2020,47.0,0.0,73.0,26.0
Uganda,2004,19.0,38.0,134.0,77.0
Uganda,2010,15.0,41.0,166.0,110.0
Uganda,2016,19.0,52.0,187.0,116.0
Uganda,2017,24.0,53.0,196.0,119.0
Uganda,2018,30.0,64.0,218.0,124.0
Uganda,2019,30.0,83.0,239.0,126.0
Uganda,2020,31.0,107.0,266.0,128.0
Ukraine,2004,14.0,1.0,55.0,40.0
Ukraine,2010,15.0,1.0,61.0,45.0
Ukraine,2016,23.0,19.0,94.0,52.0
Ukraine,2017,31.0,18.0,102.0,53.0
Ukraine,2018,38.0,23.0,114.0,53.0
Ukraine,2019,38.0,36.0,127.0,53.0
Ukraine,2020,38.0,41.0,132.0,53.0
United Arab Emirates,2004,0.0,0.0,23.0,23.0
United Arab Emirates,2010,16.0,0.0,48.0,32.0
United Arab Emirates,2016,15.0,0.0,56.0,41.0
United Arab Emirates,2017,15.0,0.0,56.0,41.0
United Arab Emirates,2018,15.0,0.0,60.0,45.0
United Arab Emirates,2019,15.0,0.0,64.0,49.0
United Arab Emirates,2020,15.0,0.0,69.0,54.0
United Kingdom,2004,10.0,13.0,55.0,32.0
United Kingdom,2010,11.0,14.0,73.0,48.0
United Kingdom,2016,18.0,22.0,101.0,61.0
United Kingdom,2017,18.0,22.0,102.0,62.0
United Kingdom,2018,19.0,48.0,131.0,64.0
United Kingdom,2019,20.0,78.0,164.0,66.0
United Kingdom,2020,20.0,89.0,176.0,67.0
United Rep. of Tanzania,2004,33.0,239.0,416.0,144.0
United Rep. of Tanzania,2010,80.0,298.0,691.0,313.0
United Rep. of Tanzania,2016,129.0,602.0,1086.0,355.0
United Rep. of Tanzania,2017,125.0,602.0,1082.0,355.0
United Rep. of Tanzania,2018,129.0,632.0,1121.0,360.0
United Rep. of Tanzania,2019,147.0,661.0,1174.0,366.0
United Rep. of Tanzania,2020,147.0,726.0,1259.0,386.0
United States Virgin Islands,2004,0.0,9.0,31.0,22.0
United States Virgin Islands,2010,0.0,12.0,33.0,21.0
United States Virgin Islands,2016,0.0,12.0,54.0,42.0
United States Virgin Islands,2017,0.0,12.0,58.0,46.0
United States Virgin Islands,2018,0.0,17.0,63.0,46.0
United States Virgin Islands,2019,0.0,17.0,67.0,50.0
United States Virgin Islands,2020,0.0,20.0,74.0,54.0
United States of America,2004,561.0,240.0,1143.0,342.0
United States of America,2010,531.0,245.0,1152.0,376.0
United States of America,2016,578.0,447.0,1479.0,454.0
United States of America,2017,580.0,477.0,1513.0,456.0
United States of America,2018,580.0,498.0,1540.0,462.0
United States of America,2019,581.0,556.0,1616.0,479.0
United States of America,2020,586.0,587.0,1655.0,482.0
Uruguay,2004,1.0,1.0,50.0,48.0
Uruguay,2010,1.0,1.0,80.0,78.0
Uruguay,2016,2.0,22.0,106.0,82.0
Uruguay,2017,2.0,22.0,106.0,82.0
Uruguay,2018,2.0,22.0,109.0,85.0
Uruguay,2019,2.0,22.0,110.0,86.0
Uruguay,2020,2.0,22.0,116.0,92.0
Uzbekistan,2004,1.0,1.0,31.0,29.0
Uzbekistan,2010,1.0,15.0,50.0,34.0
Uzbekistan,2016,3.0,17.0,59.0,39.0
Uzbekistan,2017,3.0,17.0,59.0,39.0
Uzbekistan,2018,3.0,16.0,62.0,43.0
Uzbekistan,2019,3.0,16.0,62.0,43.0
Uzbekistan,2020,3.0,16.0,62.0,43.0
Vanuatu,2004,0.0,10.0,29.0,19.0
Vanuatu,2010,79.0,10.0,121.0,32.0
Vanuatu,2016,92.0,10.0,139.0,37.0
Vanuatu,2017,91.0,10.0,137.0,36.0
Vanuatu,2018,91.0,10.0,139.0,38.0
Vanuatu,2019,91.0,10.0,140.0,39.0
Vanuatu,2020,91.0,11.0,144.0,42.0
Venezuela (Boliv. Rep. of),2004,1.0,67.0,219.0,151.0
Venezuela (Boliv. Rep. of),2010,21.0,70.0,270.0,179.0
Venezuela (Boliv. Rep. of),2016,26.0,82.0,320.0,212.0
Venezuela (Boliv. Rep. of),2017,26.0,82.0,328.0,220.0
Venezuela (Boliv. Rep. of),2018,26.0,81.0,335.0,228.0
Venezuela (Boliv. Rep. of),2019,26.0,90.0,347.0,231.0
Venezuela (Boliv. Rep. of),2020,26.0,102.0,379.0,251.0
Viet Nam,2004,0.0,145.0,289.0,144.0
Viet Nam,2010,92.0,146.0,424.0,186.0
Viet Nam,2016,152.0,204.0,616.0,260.0
Viet Nam,2017,152.0,204.0,616.0,260.0
Viet Nam,2018,152.0,231.0,661.0,278.0
Viet Nam,2019,154.0,236.0,700.0,310.0
Viet Nam,2020,156.0,260.0,738.0,322.0
Wallis and Futuna Islands,2004,0.0,1.0,13.0,12.0
Wallis and Futuna Islands,2010,57.0,1.0,74.0,16.0
Wallis and Futuna Islands,2016,65.0,1.0,90.0,24.0
Wallis and Futuna Islands,2017,64.0,1.0,89.0,24.0
Wallis and Futuna Islands,2018,64.0,1.0,89.0,24.0
Wallis and Futuna Islands,2019,64.0,1.0,89.0,24.0
Wallis and Futuna Islands,2020,64.0,1.0,92.0,27.0
Western Sahara,2004,1.0,0.0,19.0,18.0
Western Sahara,2010,1.0,0.0,39.0,38.0
Western Sahara,2016,3.0,0.0,47.0,44.0
Western Sahara,2017,3.0,0.0,49.0,46.0
Western Sahara,2018,3.0,0.0,51.0,48.0
Western Sahara,2019,3.0,0.0,50.0,47.0
Western Sahara,2020,3.0,0.0,58.0,55.0
Yemen,2004,2.0,159.0,195.0,34.0
Yemen,2010,62.0,159.0,269.0,48.0
Yemen,2016,68.0,162.0,297.0,67.0
Yemen,2017,68.0,162.0,298.0,68.0
Yemen,2018,68.0,163.0,303.0,72.0
Yemen,2019,68.0,163.0,309.0,78.0
Yemen,2020,68.0,163.0,313.0,82.0
Zambia,2004,7.0,8.0,39.0,24.0
Zambia,2010,14.0,9.0,67.0,44.0
Zambia,2016,14.0,20.0,85.0,51.0
Zambia,2017,14.0,21.0,88.0,53.0
Zambia,2018,15.0,22.0,91.0,54.0
Zambia,2019,14.0,28.0,98.0,56.0
Zambia,2020,14.0,32.0,107.0,61.0
Zimbabwe,2004,2.0,17.0,43.0,24.0
Zimbabwe,2010,5.0,16.0,55.0,34.0
Zimbabwe,2016,5.0,17.0,61.0,39.0
Zimbabwe,2017,5.0,43.0,89.0,41.0
Zimbabwe,2018,7.0,46.0,95.0,42.0
Zimbabwe,2019,8.0,52.0,103.0,43.0
Zimbabwe,2020,8.0,71.0,122.0,43.0
Åland Islands,2020,0.0,1.0,1.0,0.0
